province;red;green;blue;x;x
1;1;200;255; ;x
2;8;250;255; ;x
3;41;200;255; ;x
4;42;200;255; ;x
5;43;220;255; ;x
6;49;43;255; ;x
7;32;62;255; ;x
8;89;201;255; ;x
9;91;221;255; ;x
10;92;251;255; ;x
11;72;251;255; ;x
12;19;19;255; ;x
13;21;9;255; ;x
14;31;67;255; ;x
15;22;55;255; ;x
16;2;200;255; ;x
17;56;61;255; ;x
18;49;13;255; ;x
19;95;221;255; ;x
20;9;200;255; ;x
21;40;250;255; ;x
22;39;220;255; ;x
23;50;91;255; ;x
24;18;78;255; ;x
25;71;221;255; ;x
26;251;73;3; ;x
27;173;188;60; ;x
28;130;200;29; ;x
29;79;93;54; ;x
30;104;129;75; ;x
31;143;128;24; ;x
32;109;54;97; ;x
33;122;75;14; ;x
34;72;189;46; ;x
35;72;237;111; ;x
36;148;76;92; ;x
37;94;219;31; ;x
38;210;95;104; ;x
39;206;232;62; ;x
40;54;60;255; ;x
41;182;68;125; ;x
42;75;60;45; ;x
43;19;78;255; ;x
44;122;57;10; ;x
45;135;197;23; ;x
46;82;188;39; ;x
47;164;125;5; ;x
48;28;104;255; ;x
49;89;161;62; ;x
50;69;51;69; ;x
51;176;192;64; ;x
52;236;76;102; ;x
53;43;191;151; ;x
54;202;89;123; ;x
55;128;0;32; ;x
56;133;230;60; ;x
57;156;78;83; ;x
58;176;64;64; ;x
59;178;204;7; ;x
60;117;89;99; ;x
61;19;114;99; ;x
62;96;0;160; ;x
63;76;121;46; ;x
64;160;96;128; ;x
65;250;244;111; ;x
66;141;2;59; ;x
67;203;152;21; ;x
68;151;235;90; ;x
69;96;128;32; ;x
70;189;144;22; ;x
71;32;128;160; ;x
72;161;174;6; ;x
73;172;196;119; ;x
74;160;224;128; ;x
75;192;65;224; ;x
76;87;143;22; ;x
77;96;1;32; ;x
78;110;96;31; ;x
79;32;32;192; ;x
80;160;224;0; ;x
81;206;180;46; ;x
82;186;212;64; ;x
83;69;6;88; ;x
84;204;249;114; ;x
85;71;160;61; ;x
86;32;224;0; ;x
87;79;134;104; ;x
88;173;126;99; ;x
89;149;60;49; ;x
90;172;34;7; ;x
91;197;86;79; ;x
92;10;200;255; ;x
93;11;220;255; ;x
94;38;200;255; ;x
95;176;100;109; ;x
96;224;110;23; ;x
97;158;109;50; ;x
98;196;108;79; ;x
99;237;63;58; ;x
100;241;137;54; ;x
101;203;107;125; ;x
102;86;209;57; ;x
103;147;166;108; ;x
104;191;148;44; ;x
105;144;38;75; ;x
106;216;246;54; ;x
107;230;116;34; ;x
108;71;76;113; ;x
109;33;46;255; ;x
110;178;26;90; ;x
111;76;64;88; ;x
112;66;254;12; ;x
113;46;200;255; ;x
114;160;160;128; ;x
115;227;149;95; ;x
116;162;52;90; ;x
117;113;204;15; ;x
118;247;196;82; ;x
119;6;34;255; ;x
120;105;188;30; ;x
121;249;54;51; ;x
122;109;64;9; ;x
123;249;58;72; ;x
124;83;124;104; ;x
125;195;78;54; ;x
126;85;122;98; ;x
127;138;214;106; ;x
128;188;34;29; ;x
129;63;91;81; ;x
130;107;81;50; ;x
131;219;88;47; ;x
132;88;20;104; ;x
133;233;21;25; ;x
134;89;209;118; ;x
135;215;57;89; ;x
136;242;163;35; ;x
137;195;4;23; ;x
138;254;255;255; ;x
139;138;121;63; ;x
140;45;64;255; ;x
141;2;71;255; ;x
142;149;128;2; ;x
143;18;122;255; ;x
144;0;97;255; ;x
145;102;186;9; ;x
146;7;10;255; ;x
147;30;50;255; ;x
148;31;88;255; ;x
149;252;99;50; ;x
150;120;232;23; ;x
151;165;41;101; ;x
152;134;212;38; ;x
153;217;14;119; ;x
154;240;42;88; ;x
155;69;242;1; ;x
156;98;79;40; ;x
157;113;231;24; ;x
158;163;77;13; ;x
159;92;104;116; ;x
160;28;57;255; ;x
161;185;111;78; ;x
162;241;72;29; ;x
163;164;252;108; ;x
164;1;16;255; ;x
165;28;110;255; ;x
166;183;226;35; ;x
167;141;208;124; ;x
168;168;39;106; ;x
169;215;99;29; ;x
170;131;23;12; ;x
171;73;114;31; ;x
172;74;193;23; ;x
173;3;220;255; ;x
174;70;73;89; ;x
175;204;33;85; ;x
176;195;53;124; ;x
177;171;188;101; ;x
178;67;21;10; ;x
179;139;184;121; ;x
180;74;66;94; ;x
181;24;63;255; ;x
182;167;18;5; ;x
183;145;230;63; ;x
184;227;212;59; ;x
185;188;106;49; ;x
186;237;161;66; ;x
187;139;245;36; ;x
188;114;34;52; ;x
189;203;191;68; ;x
190;141;103;62; ;x
191;116;123;125; ;x
192;163;186;18; ;x
193;171;248;63; ;x
194;143;165;35; ;x
195;210;197;12; ;x
196;216;145;91; ;x
197;145;232;71; ;x
198;154;13;118; ;x
199;118;37;3; ;x
200;6;46;255; ;x
201;195;197;119; ;x
202;245;111;104; ;x
203;123;68;22; ;x
204;115;57;46; ;x
205;117;137;76; ;x
206;17;51;255; ;x
207;113;195;100; ;x
208;103;141;83; ;x
209;54;69;255; ;x
210;76;184;107; ;x
211;201;189;122; ;x
212;243;20;38; ;x
213;195;190;21; ;x
214;187;83;23; ;x
215;144;226;116; ;x
216;205;9;119; ;x
217;234;167;76; ;x
218;138;83;56; ;x
219;78;171;104; ;x
220;73;42;100; ;x
221;79;187;117; ;x
222;101;254;59; ;x
223;186;123;6; ;x
224;198;183;118; ;x
225;43;38;255; ;x
226;63;115;86; ;x
227;174;221;41; ;x
228;224;187;105; ;x
229;12;250;255; ;x
230;37;200;255; ;x
231;113;67;100; ;x
232;113;172;70; ;x
233;63;5;255; ;x
234;194;37;16; ;x
235;221;193;73; ;x
236;15;21;255; ;x
237;118;104;27; ;x
238;182;80;70; ;x
239;244;42;86; ;x
240;192;97;86; ;x
241;139;238;89; ;x
242;113;138;57; ;x
243;120;236;15; ;x
244;44;119;255; ;x
245;228;60;4; ;x
246;55;61;255; ;x
247;146;199;65; ;x
248;208;11;113; ;x
249;129;5;71; ;x
250;182;113;105; ;x
251;31;24;255; ;x
252;127;29;1; ;x
253;50;63;255; ;x
254;45;70;255; ;x
255;180;218;124; ;x
256;115;204;55; ;x
257;160;191;43; ;x
258;197;46;6; ;x
259;77;78;34; ;x
260;121;22;115; ;x
261;83;140;48; ;x
262;129;238;74; ;x
263;72;67;60; ;x
264;246;139;47; ;x
265;251;136;39; ;x
266;230;137;119; ;x
267;242;139;106; ;x
268;81;11;10; ;x
269;176;155;61; ;x
270;76;46;8; ;x
271;220;134;68; ;x
272;193;141;82; ;x
273;216;40;30; ;x
274;239;153;100; ;x
275;97;223;30; ;x
276;177;49;81; ;x
277;65;214;69; ;x
278;243;119;95; ;x
279;109;130;12; ;x
280;224;212;119; ;x
281;226;239;81; ;x
282;164;147;93; ;x
283;153;100;35; ;x
284;22;200;255; ;x
285;172;55;38; ;x
286;36;250;255; ;x
287;239;64;32; ;x
288;240;32;0; ;x
289;98;47;17; ;x
290;151;152;36; ;x
291;154;63;72; ;x
292;213;17;53; ;x
293;176;192;96; ;x
294;173;59;24; ;x
295;89;52;122; ;x
296;167;183;8; ;x
297;116;2;12; ;x
298;215;196;44; ;x
299;65;253;42; ;x
300;179;83;115; ;x
301;236;138;97; ;x
302;224;106;11; ;x
303;150;7;57; ;x
304;153;109;98; ;x
305;231;44;120; ;x
306;0;144;32; ;x
307;138;215;56; ;x
308;244;157;15; ;x
309;214;175;42; ;x
310;96;31;19; ;x
311;176;32;0; ;x
312;227;162;90; ;x
313;1;29;255; ;x
314;253;177;63; ;x
315;73;184;11; ;x
316;29;34;255; ;x
317;89;45;87; ;x
318;218;37;18; ;x
319;176;64;224; ;x
320;208;224;64; ;x
321;42;70;255; ;x
322;39;118;255; ;x
323;208;123;33; ;x
324;73;54;6; ;x
325;253;125;63; ;x
326;171;181;43; ;x
327;92;103;71; ;x
328;224;141;102; ;x
329;62;38;255; ;x
330;201;132;93; ;x
331;196;136;15; ;x
332;152;175;82; ;x
333;83;89;57; ;x
334;103;33;104; ;x
335;80;128;224; ;x
336;108;40;3; ;x
337;102;91;84; ;x
338;112;32;0; ;x
339;42;42;255; ;x
340;15;38;255; ;x
341;83;119;46; ;x
342;151;183;108; ;x
343;92;236;68; ;x
344;6;109;255; ;x
345;120;119;48; ;x
346;174;165;84; ;x
347;79;246;43; ;x
348;151;206;40; ;x
349;201;185;58; ;x
350;113;224;128; ;x
351;84;153;112; ;x
352;97;211;86; ;x
353;109;111;95; ;x
354;75;243;16; ;x
355;139;99;10; ;x
356;197;42;35; ;x
357;98;195;80; ;x
358;218;240;95; ;x
359;144;224;224; ;x
360;9;88;255; ;x
361;210;167;45; ;x
362;147;6;65; ;x
363;11;60;255; ;x
364;185;245;20; ;x
365;141;181;36; ;x
366;74;242;36; ;x
367;80;1;125; ;x
368;243;210;50; ;x
369;97;206;46; ;x
370;81;97;97; ;x
371;223;208;192; ;x
372;206;93;80; ;x
373;149;79;2; ;x
374;81;253;107; ;x
375;84;251;28; ;x
376;96;80;192; ;x
377;251;72;38; ;x
378;63;251;69; ;x
379;208;97;97; ;x
380;181;191;51; ;x
381;188;55;40; ;x
382;36;58;255; ;x
383;221;139;68; ;x
384;86;102;57; ;x
385;203;240;102; ;x
386;65;222;72; ;x
387;244;217;3; ;x
388;229;209;31; ;x
389;224;81;92; ;x
390;134;144;2; ;x
391;89;172;57; ;x
392;197;153;51; ;x
393;218;114;8; ;x
394;133;83;50; ;x
395;10;68;255; ;x
396;190;51;7; ;x
397;25;18;255; ;x
398;88;136;115; ;x
399;220;155;35; ;x
400;89;199;97; ;x
401;210;70;108; ;x
402;116;124;39; ;x
403;42;111;255; ;x
404;186;14;5; ;x
405;66;249;77; ;x
406;111;117;61; ;x
407;92;135;18; ;x
408;13;200;255; ;x
409;14;200;255; ;x
410;235;121;33; ;x
411;147;50;76; ;x
412;217;67;40; ;x
413;123;28;56; ;x
414;45;96;255; ;x
415;112;35;51; ;x
416;100;241;92; ;x
417;234;81;109; ;x
418;161;203;11; ;x
419;15;86;255; ;x
420;171;106;37; ;x
421;105;249;105; ;x
422;253;162;98; ;x
423;170;144;63; ;x
424;18;16;255; ;x
425;228;26;88; ;x
426;208;42;19; ;x
427;81;78;37; ;x
428;145;245;98; ;x
429;69;186;28; ;x
430;232;181;39; ;x
431;164;115;91; ;x
432;128;48;128; ;x
433;52;112;255; ;x
434;93;199;24; ;x
435;148;36;113; ;x
436;75;159;115; ;x
437;240;64;128; ;x
438;0;48;128; ;x
439;165;5;21; ;x
440;79;139;74; ;x
441;213;229;80; ;x
442;204;93;69; ;x
443;100;195;40; ;x
444;189;240;92; ;x
445;223;192;48; ;x
446;217;189;92; ;x
447;159;207;69; ;x
448;160;216;104; ;x
449;85;94;93; ;x
450;4;16;255; ;x
451;156;45;88; ;x
452;32;192;176; ;x
453;216;14;14; ;x
454;35;220;255; ;x
455;148;184;103; ;x
456;237;151;74; ;x
457;37;92;255; ;x
458;105;71;50; ;x
459;156;155;16; ;x
460;146;70;98; ;x
461;177;164;10; ;x
462;1;7;255; ;x
463;135;3;99; ;x
464;241;229;76; ;x
465;76;180;41; ;x
466;237;183;39; ;x
467;116;121;29; ;x
468;231;21;63; ;x
469;78;128;120; ;x
470;129;146;28; ;x
471;56;42;255; ;x
472;247;94;118; ;x
473;18;102;255; ;x
474;155;65;45; ;x
475;219;219;60; ;x
476;128;176;1; ;x
477;215;116;116; ;x
478;102;200;26; ;x
479;247;179;107; ;x
480;26;104;255; ;x
481;214;144;224; ;x
482;244;152;98; ;x
483;222;80;96; ;x
484;126;93;38; ;x
485;242;58;63; ;x
486;165;92;1; ;x
487;229;194;108; ;x
488;223;0;176; ;x
489;225;59;122; ;x
490;245;194;70; ;x
491;96;64;176; ;x
492;235;247;31; ;x
493;165;166;119; ;x
494;71;32;87; ;x
495;221;146;69; ;x
496;107;133;98; ;x
497;253;175;104; ;x
498;110;104;122; ;x
499;240;176;1; ;x
500;37;120;255; ;x
501;186;146;13; ;x
502;115;242;13; ;x
503;173;52;37; ;x
504;108;168;109; ;x
505;144;243;55; ;x
506;4;250;255; ;x
507;144;160;128; ;x
508;34;76;183; ;x
509;33;223;33; ;x
510;198;164;86; ;x
511;128;192;208; ;x
512;145;146;41; ;x
513;62;77;255; ;x
514;103;18;10; ;x
515;191;175;160; ;x
516;127;77;4; ;x
517;223;76;25; ;x
518;105;44;39; ;x
519;191;112;96; ;x
520;105;65;89; ;x
521;108;248;86; ;x
522;94;75;130; ;x
523;59;0;255; ;x
524;70;200;255; ;x
525;63;81;255; ;x
526;128;17;192; ;x
527;85;96;61; ;x
528;229;63;70; ;x
529;115;85;61; ;x
530;241;236;25; ;x
531;144;48;64; ;x
532;15;100;255; ;x
533;82;164;70; ;x
534;252;136;27; ;x
535;82;98;18; ;x
536;223;186;22; ;x
537;192;223;112; ;x
538;73;187;92; ;x
539;31;16;255; ;x
540;15;220;255; ;x
541;34;200;255; ;x
542;69;157;16; ;x
543;32;128;192; ;x
544;245;58;88; ;x
545;90;44;151; ;x
546;158;59;92; ;x
547;242;23;53; ;x
548;36;115;255; ;x
549;160;121;104; ;x
550;1;112;224; ;x
551;135;156;69; ;x
552;57;105;127; ;x
553;54;63;255; ;x
554;126;99;144; ;x
555;93;17;96; ;x
556;112;8;11; ;x
557;152;217;34; ;x
558;169;13;39; ;x
559;173;222;83; ;x
560;56;63;255; ;x
561;227;153;93; ;x
562;208;48;128; ;x
563;83;83;103; ;x
564;42;108;18; ;x
565;182;37;68; ;x
566;192;223;96; ;x
567;23;124;255; ;x
568;122;198;46; ;x
569;224;16;93; ;x
570;43;50;255; ;x
571;226;254;5; ;x
572;103;159;48; ;x
573;39;79;255; ;x
574;168;102;17; ;x
575;23;54;255; ;x
576;211;77;80; ;x
577;178;98;5; ;x
578;234;177;21; ;x
579;170;229;105; ;x
580;178;188;3; ;x
581;37;56;255; ;x
582;210;141;117; ;x
583;231;8;98; ;x
584;113;240;0; ;x
585;189;69;9; ;x
586;215;40;34; ;x
587;27;7;255; ;x
588;207;160;231; ;x
589;69;210;9; ;x
590;160;128;160; ;x
591;247;40;10; ;x
592;92;56;46; ;x
593;115;165;116; ;x
594;126;132;121; ;x
595;97;254;74; ;x
596;202;191;4; ;x
597;6;26;255; ;x
598;76;139;69; ;x
599;78;111;22; ;x
600;203;44;54; ;x
601;160;128;64; ;x
602;246;213;87; ;x
603;208;176;64; ;x
604;89;213;6; ;x
605;211;241;55; ;x
606;199;230;105; ;x
607;172;252;117; ;x
608;126;150;7; ;x
609;128;112;223; ;x
610;227;22;31; ;x
611;115;134;39; ;x
612;184;210;100; ;x
613;185;14;120; ;x
614;191;48;223; ;x
615;140;195;48; ;x
616;34;22;255; ;x
617;83;128;26; ;x
618;48;32;208; ;x
619;130;175;8; ;x
620;201;19;7; ;x
621;219;62;23; ;x
622;5;7;255; ;x
623;206;71;101; ;x
624;202;154;55; ;x
625;233;125;64; ;x
626;13;94;255; ;x
627;193;171;17; ;x
628;181;235;37; ;x
629;180;92;10; ;x
630;91;43;54; ;x
631;140;58;54; ;x
632;127;96;82; ;x
633;228;32;0; ;x
634;149;88;111; ;x
635;175;235;9; ;x
636;234;129;125; ;x
637;128;48;223; ;x
638;141;28;69; ;x
639;159;113;26; ;x
640;88;130;124; ;x
641;202;87;115; ;x
642;160;0;192; ;x
643;42;53;255; ;x
644;146;16;123; ;x
645;148;7;64; ;x
646;209;155;96; ;x
647;251;207;12; ;x
648;194;244;24; ;x
649;234;172;70; ;x
650;37;32;255; ;x
651;219;125;58; ;x
652;84;56;70; ;x
653;64;239;160; ;x
654;212;244;80; ;x
655;90;76;91; ;x
656;204;166;63; ;x
657;86;32;7; ;x
658;185;174;36; ;x
659;225;160;113; ;x
660;120;199;2; ;x
661;231;201;40; ;x
662;123;139;68; ;x
663;43;76;255; ;x
664;145;187;78; ;x
665;64;125;56; ;x
666;118;194;105; ;x
667;92;203;5; ;x
668;89;200;255; ;x
669;189;124;107; ;x
670;137;163;113; ;x
671;61;12;255; ;x
672;189;196;121; ;x
673;88;174;50; ;x
674;175;159;30; ;x
675;236;178;16; ;x
676;207;182;60; ;x
677;93;43;18; ;x
678;104;129;76; ;x
679;122;119;66; ;x
680;17;15;255; ;x
681;85;104;61; ;x
682;230;81;38; ;x
683;254;214;0; ;x
684;44;24;255; ;x
685;96;54;12; ;x
686;78;17;86; ;x
687;213;124;9; ;x
688;249;45;76; ;x
689;187;206;14; ;x
690;16;250;255; ;x
691;103;118;81; ;x
692;125;186;91; ;x
693;192;176;224; ;x
694;83;250;113; ;x
695;199;162;60; ;x
696;145;48;160; ;x
697;81;51;64; ;x
698;167;104;81; ;x
699;159;29;86; ;x
700;178;184;99; ;x
701;50;56;255; ;x
702;164;108;90; ;x
703;230;114;122; ;x
704;176;36;100; ;x
705;74;181;2; ;x
706;116;76;36; ;x
707;253;221;120; ;x
708;168;117;110; ;x
709;32;79;255; ;x
710;36;79;255; ;x
711;64;179;2; ;x
712;199;61;34; ;x
713;17;224;144; ;x
714;228;137;124; ;x
715;218;88;125; ;x
716;172;101;3; ;x
717;244;125;109; ;x
718;188;16;12; ;x
719;116;233;113; ;x
720;162;99;22; ;x
721;204;104;52; ;x
722;200;43;62; ;x
723;176;127;1; ;x
724;25;8;255; ;x
725;38;116;255; ;x
726;131;114;81; ;x
727;90;213;108; ;x
728;5;116;255; ;x
729;224;128;97; ;x
730;245;210;17; ;x
731;65;176;224; ;x
732;103;149;34; ;x
733;159;0;120; ;x
734;187;58;29; ;x
735;246;148;103; ;x
736;224;112;192; ;x
737;216;191;10; ;x
738;182;72;40; ;x
739;160;96;160; ;x
740;187;227;28; ;x
741;196;33;82; ;x
742;125;10;59; ;x
743;165;27;101; ;x
744;241;178;76; ;x
745;164;92;18; ;x
746;98;252;122; ;x
747;184;100;92; ;x
748;1;115;255; ;x
749;102;26;91; ;x
750;128;23;119; ;x
751;224;76;77; ;x
752;206;90;76; ;x
753;175;116;44; ;x
754;40;5;255; ;x
755;184;52;80; ;x
756;12;23;255; ;x
757;219;104;22; ;x
758;216;254;19; ;x
759;70;44;60; ;x
760;84;95;102; ;x
761;64;48;224; ;x
762;214;123;48; ;x
763;163;5;121; ;x
764;73;4;33; ;x
765;154;48;79; ;x
766;249;143;87; ;x
767;53;112;255; ;x
768;237;83;78; ;x
769;94;106;63; ;x
770;111;92;53; ;x
771;175;185;67; ;x
772;132;233;35; ;x
773;241;137;38; ;x
774;232;21;18; ;x
775;191;22;74; ;x
776;94;47;47; ;x
777;157;30;100; ;x
778;249;191;63; ;x
779;132;211;120; ;x
780;194;173;81; ;x
781;132;195;79; ;x
782;181;68;39; ;x
783;251;99;99; ;x
784;202;55;66; ;x
785;221;16;84; ;x
786;239;118;4; ;x
787;96;239;64; ;x
788;215;195;79; ;x
789;201;125;82; ;x
790;224;80;160; ;x
791;87;172;4; ;x
792;188;44;71; ;x
793;63;84;81; ;x
794;5;200;255; ;x
795;107;79;4; ;x
796;114;82;93; ;x
797;45;33;255; ;x
798;140;236;97; ;x
799;21;82;255; ;x
800;202;65;31; ;x
801;188;6;123; ;x
802;147;133;39; ;x
803;120;168;80; ;x
804;137;227;43; ;x
805;242;19;15; ;x
806;218;124;4; ;x
807;156;50;6; ;x
808;182;226;6; ;x
809;78;63;45; ;x
810;176;150;59; ;x
811;87;163;68; ;x
812;150;182;83; ;x
813;234;248;26; ;x
814;150;103;64; ;x
815;138;85;121; ;x
816;95;142;39; ;x
817;232;247;101; ;x
818;219;213;11; ;x
819;170;239;44; ;x
820;196;97;92; ;x
821;113;199;88; ;x
822;159;164;4; ;x
823;89;74;15; ;x
824;70;70;94; ;x
825;211;44;9; ;x
826;125;170;37; ;x
827;19;32;255; ;x
828;67;223;52; ;x
829;121;98;41; ;x
830;12;60;255; ;x
831;144;196;8; ;x
832;54;32;255; ;x
833;90;39;26; ;x
834;69;91;96; ;x
835;79;206;125; ;x
836;133;191;67; ;x
837;49;224;224; ;x
838;200;186;35; ;x
839;178;232;16; ;x
840;87;199;112; ;x
841;239;96;32; ;x
842;160;117;100; ;x
843;175;186;120; ;x
844;73;237;114; ;x
845;193;18;107; ;x
846;33;13;255; ;x
847;203;122;20; ;x
848;71;123;116; ;x
849;32;96;96; ;x
850;28;15;255; ;x
851;114;247;24; ;x
852;209;23;6; ;x
853;198;176;37; ;x
854;40;60;255; ;x
855;171;237;72; ;x
856;247;218;48; ;x
857;143;180;55; ;x
858;12;57;255; ;x
859;42;84;255; ;x
860;110;183;123; ;x
861;75;161;0; ;x
862;140;33;93; ;x
863;129;254;105; ;x
864;100;184;115; ;x
865;113;65;224; ;x
866;119;181;80; ;x
867;103;177;47; ;x
868;224;217;32; ;x
869;125;204;86; ;x
870;232;188;70; ;x
871;142;248;10; ;x
872;205;241;61; ;x
873;157;182;88; ;x
874;133;163;120; ;x
875;138;232;93; ;x
876;233;130;88; ;x
877;249;33;24; ;x
878;106;159;18; ;x
879;87;239;104; ;x
880;90;200;255; ;x
881;244;180;96; ;x
882;144;224;144; ;x
883;175;81;75; ;x
884;172;2;69; ;x
885;184;97;91; ;x
886;212;52;100; ;x
887;171;53;62; ;x
888;158;159;87; ;x
889;208;48;131; ;x
890;144;173;18; ;x
891;163;57;90; ;x
892;90;190;93; ;x
893;8;113;255; ;x
894;242;231;10; ;x
895;191;102;36; ;x
896;33;224;48; ;x
897;215;184;33; ;x
898;26;125;255; ;x
899;74;144;20; ;x
900;250;91;117; ;x
901;210;167;71; ;x
902;83;214;69; ;x
903;77;171;43; ;x
904;61;18;255; ;x
905;227;80;14; ;x
906;94;147;7; ;x
907;102;96;90; ;x
908;144;112;64; ;x
909;202;154;4; ;x
910;189;17;52; ;x
911;200;117;99; ;x
912;213;112;33; ;x
913;169;72;54; ;x
914;219;70;71; ;x
915;138;196;8; ;x
916;71;216;55; ;x
917;209;193;115; ;x
918;222;135;36; ;x
919;96;92;2; ;x
920;147;176;46; ;x
921;188;210;95; ;x
922;232;58;55; ;x
923;145;95;52; ;x
924;223;160;48; ;x
925;179;235;27; ;x
926;166;196;126; ;x
927;196;27;150; ;x
928;116;218;96; ;x
929;208;45;29; ;x
930;232;231;21; ;x
931;65;250;77; ;x
932;178;124;60; ;x
933;123;194;50; ;x
934;161;162;8; ;x
935;215;18;105; ;x
936;182;37;42; ;x
937;71;229;45; ;x
938;196;129;34; ;x
939;140;97;53; ;x
940;7;108;255; ;x
941;177;203;0; ;x
942;174;165;30; ;x
943;238;82;5; ;x
944;130;201;52; ;x
945;40;18;255; ;x
946;163;79;62; ;x
947;179;152;30; ;x
948;107;39;96; ;x
949;120;135;20; ;x
950;96;236;118; ;x
951;113;215;93; ;x
952;72;1;37; ;x
953;157;157;54; ;x
954;215;216;61; ;x
955;72;184;71; ;x
956;214;68;104; ;x
957;114;83;13; ;x
958;32;96;48; ;x
959;243;229;60; ;x
960;138;233;110; ;x
961;180;151;81; ;x
962;207;60;63; ;x
963;235;174;96; ;x
964;122;38;106; ;x
965;113;48;10; ;x
966;28;25;255; ;x
967;215;166;78; ;x
968;132;209;116; ;x
969;186;245;110; ;x
970;233;0;104; ;x
971;73;186;106; ;x
972;129;167;12; ;x
973;80;128;48; ;x
974;45;55;255; ;x
975;17;96;80; ;x
976;212;174;68; ;x
977;140;198;61; ;x
978;17;10;255; ;x
979;147;61;14; ;x
980;117;167;46; ;x
981;111;106;119; ;x
982;89;138;85; ;x
983;70;25;35; ;x
984;183;61;125; ;x
985;119;37;55; ;x
986;156;150;64; ;x
987;63;92;255; ;x
988;233;28;75; ;x
989;67;226;91; ;x
990;253;207;86; ;x
991;40;115;255; ;x
992;66;235;24; ;x
993;253;142;70; ;x
994;97;198;106; ;x
995;108;39;10; ;x
996;148;219;5; ;x
997;128;1;88; ;x
998;225;53;98; ;x
999;164;252;59; ;x
1000;165;215;100; ;x
1001;9;25;255; ;x
1002;114;47;95; ;x
1003;135;100;74; ;x
1004;194;247;109; ;x
1005;245;1;98; ;x
1006;66;27;71; ;x
1007;212;253;63; ;x
1008;151;109;88; ;x
1009;42;50;255; ;x
1010;209;64;48; ;x
1011;126;83;19; ;x
1012;171;211;38; ;x
1013;153;14;62; ;x
1014;159;162;85; ;x
1015;200;89;68; ;x
1016;115;130;19; ;x
1017;186;87;99; ;x
1018;49;29;255; ;x
1019;146;202;67; ;x
1020;128;79;11; ;x
1021;32;80;255; ;x
1022;84;209;62; ;x
1023;99;197;50; ;x
1024;69;55;89; ;x
1025;117;168;31; ;x
1026;223;184;100; ;x
1027;180;87;84; ;x
1028;36;1;255; ;x
1029;244;109;30; ;x
1030;117;29;20; ;x
1031;114;42;42; ;x
1032;88;84;136; ;x
1033;156;118;47; ;x
1034;42;10;255; ;x
1035;62;203;255; ;x
1036;57;95;255; ;x
1037;219;153;54; ;x
1038;149;167;6; ;x
1039;111;31;47; ;x
1040;245;238;39; ;x
1041;100;14;78; ;x
1042;236;38;24; ;x
1043;168;117;147; ;x
1044;170;109;103; ;x
1045;3;91;255; ;x
1046;156;127;116; ;x
1047;73;58;125; ;x
1048;220;175;41; ;x
1049;252;3;74; ;x
1050;254;204;102; ;x
1051;235;193;76; ;x
1052;130;27;196; ;x
1053;212;253;105; ;x
1054;105;3;86; ;x
1055;46;81;8; ;x
1056;62;56;255; ;x
1057;229;95;111; ;x
1058;101;29;122; ;x
1059;150;0;9; ;x
1060;246;77;20; ;x
1061;246;241;10; ;x
1062;209;17;58; ;x
1063;208;198;20; ;x
1064;74;103;60; ;x
1065;162;133;109; ;x
1066;10;72;255; ;x
1067;144;239;64; ;x
1068;146;53;4; ;x
1069;237;166;46; ;x
1070;16;110;255; ;x
1071;198;120;108; ;x
1072;92;5;77; ;x
1073;10;96;255; ;x
1074;183;210;36; ;x
1075;98;92;9; ;x
1076;86;43;25; ;x
1077;127;193;124; ;x
1078;20;6;255; ;x
1079;46;63;255; ;x
1080;77;148;86; ;x
1081;233;151;52; ;x
1082;137;226;40; ;x
1083;31;0;255; ;x
1084;178;95;56; ;x
1085;189;60;122; ;x
1086;123;55;26; ;x
1087;45;90;255; ;x
1088;118;35;39; ;x
1089;130;87;9; ;x
1090;65;87;72; ;x
1091;102;69;117; ;x
1092;226;137;32; ;x
1093;58;125;255; ;x
1094;53;64;255; ;x
1095;107;145;49; ;x
1096;107;143;17; ;x
1097;70;82;41; ;x
1098;100;103;34; ;x
1099;192;165;126; ;x
1100;6;23;255; ;x
1101;202;113;27; ;x
1102;25;96;255; ;x
1103;81;201;255; ;x
1104;103;46;0; ;x
1105;142;146;111; ;x
1106;122;80;26; ;x
1107;129;55;27; ;x
1108;27;5;255; ;x
1109;222;250;25; ;x
1110;148;157;4; ;x
1111;145;92;6; ;x
1112;223;187;37; ;x
1113;238;59;11; ;x
1114;211;31;81; ;x
1115;70;94;69; ;x
1116;54;121;255; ;x
1117;222;200;211; ;x
1118;223;74;88; ;x
1119;220;253;71; ;x
1120;87;172;21; ;x
1121;6;51;255; ;x
1122;116;77;23; ;x
1123;73;104;113; ;x
1124;125;204;255; ;x
1125;57;98;255; ;x
1126;196;10;126; ;x
1127;249;74;46; ;x
1128;68;155;6; ;x
1129;43;15;255; ;x
1130;235;156;23; ;x
1131;82;116;27; ;x
1132;5;67;255; ;x
1133;125;106;114; ;x
1134;41;2;255; ;x
1135;67;211;90; ;x
1136;228;59;105; ;x
1137;223;85;66; ;x
1138;51;110;255; ;x
1139;235;170;95; ;x
1140;159;1;80; ;x
1141;9;15;255; ;x
1142;240;108;115; ;x
1143;109;11;103; ;x
1144;18;125;255; ;x
1145;214;19;12; ;x
1146;46;57;255; ;x
1147;76;250;255; ;x
1148;125;203;255; ;x
1149;203;162;109; ;x
1150;16;239;64; ;x
1151;87;183;10; ;x
1152;13;99;255; ;x
1153;38;39;255; ;x
1154;152;141;111; ;x
1155;23;5;255; ;x
1156;198;191;29; ;x
1157;148;52;94; ;x
1158;27;124;255; ;x
1159;96;33;175; ;x
1160;99;8;69; ;x
1161;210;170;16; ;x
1162;75;22;3; ;x
1163;109;182;36; ;x
1164;184;43;6; ;x
1165;56;13;255; ;x
1166;229;204;114; ;x
1167;76;190;76; ;x
1168;16;125;255; ;x
1169;25;100;255; ;x
1170;209;29;80; ;x
1171;60;125;255; ;x
1172;37;24;255; ;x
1173;25;127;255; ;x
1174;103;47;72; ;x
1175;201;239;9; ;x
1176;16;112;64; ;x
1177;91;236;81; ;x
1178;157;190;4; ;x
1179;107;74;35; ;x
1180;94;236;102; ;x
1181;8;99;255; ;x
1182;199;16;121; ;x
1183;22;28;255; ;x
1184;64;133;36; ;x
1185;94;224;30; ;x
1186;214;9;50; ;x
1187;212;70;72; ;x
1188;62;1;255; ;x
1189;240;214;80; ;x
1190;243;150;95; ;x
1191;8;96;255; ;x
1192;6;69;255; ;x
1193;208;48;192; ;x
1194;54;5;255; ;x
1195;45;41;255; ;x
1196;146;172;62; ;x
1197;60;51;255; ;x
1198;68;104;41; ;x
1199;133;124;10; ;x
1200;212;209;60; ;x
1201;212;71;66; ;x
1202;180;40;89; ;x
1203;107;190;24; ;x
1204;65;10;85; ;x
1205;116;154;8; ;x
1206;159;193;104; ;x
1207;156;105;49; ;x
1208;7;20;255; ;x
1209;220;61;66; ;x
1210;7;15;255; ;x
1211;252;152;94; ;x
1212;5;89;255; ;x
1213;23;22;255; ;x
1214;254;166;94; ;x
1215;239;206;82; ;x
1216;165;98;65; ;x
1217;196;2;125; ;x
1218;50;115;255; ;x
1219;211;235;94; ;x
1220;222;173;95; ;x
1221;69;139;64; ;x
1222;164;166;38; ;x
1223;99;205;122; ;x
1224;112;17;128; ;x
1225;112;17;1; ;x
1226;243;10;85; ;x
1227;1;118;255; ;x
1228;202;56;106; ;x
1229;151;107;57; ;x
1230;220;223;81; ;x
1231;48;80;0; ;x
1232;33;127;255; ;x
1233;147;49;47; ;x
1234;87;57;106; ;x
1235;223;112;64; ;x
1236;42;96;255; ;x
1237;195;77;61; ;x
1238;83;102;117; ;x
1239;84;141;151; ;x
1240;161;46;209; ;x
1241;93;137;93; ;x
1242;77;200;255; ;x
1243;57;52;255; ;x
1244;148;112;119; ;x
1245;3;0;255; ;x
1246;209;123;90; ;x
1247;20;74;255; ;x
1248;123;27;64; ;x
1249;39;93;255; ;x
1250;84;131;80; ;x
1251;25;70;255; ;x
1252;99;209;110; ;x
1253;160;176;192; ;x
1254;158;154;12; ;x
1255;6;112;255; ;x
1256;61;103;255; ;x
1257;80;7;23; ;x
1258;26;39;255; ;x
1259;172;5;102; ;x
1260;162;125;62; ;x
1261;93;30;23; ;x
1262;249;107;14; ;x
1263;82;215;70; ;x
1264;92;135;87; ;x
1265;145;214;84; ;x
1266;221;253;117; ;x
1267;4;62;255; ;x
1268;78;129;24; ;x
1269;130;68;1; ;x
1270;205;139;25; ;x
1271;180;129;55; ;x
1272;3;1;255; ;x
1273;115;147;117; ;x
1274;136;94;9; ;x
1275;61;80;255; ;x
1276;47;66;255; ;x
1277;81;34;117; ;x
1278;80;176;192; ;x
1279;145;112;116; ;x
1280;83;220;255; ;x
1281;82;172;75; ;x
1282;116;116;41; ;x
1283;196;207;35; ;x
1284;187;121;8; ;x
1285;247;237;35; ;x
1286;79;66;117; ;x
1287;49;208;192; ;x
1288;19;113;255; ;x
1289;105;203;24; ;x
1290;119;7;114; ;x
1291;169;35;21; ;x
1292;144;112;223; ;x
1293;152;49;95; ;x
1294;131;99;75; ;x
1295;123;246;46; ;x
1296;237;3;19; ;x
1297;43;85;255; ;x
1298;168;53;29; ;x
1299;90;4;92; ;x
1300;179;228;80; ;x
1301;143;35;16; ;x
1302;10;35;255; ;x
1303;53;103;119; ;x
1304;20;108;255; ;x
1305;2;84;255; ;x
1306;232;103;24; ;x
1307;128;195;66; ;x
1308;53;90;255; ;x
1309;81;151;20; ;x
1310;67;87;85; ;x
1311;13;45;255; ;x
1312;114;200;255; ;x
1313;223;240;113; ;x
1314;179;245;6; ;x
1315;51;32;255; ;x
1316;102;166;125; ;x
1317;137;45;2; ;x
1318;161;29;21; ;x
1319;45;106;255; ;x
1320;172;67;111; ;x
1321;192;125;25; ;x
1322;175;8;0; ;x
1323;86;104;73; ;x
1324;56;115;255; ;x
1325;78;200;255; ;x
1326;142;227;10; ;x
1327;98;89;147; ;x
1328;199;112;46; ;x
1329;118;227;19; ;x
1330;27;84;255; ;x
1331;68;153;15; ;x
1332;82;159;13; ;x
1333;224;96;192; ;x
1334;62;9;255; ;x
1335;120;212;113; ;x
1336;27;47;255; ;x
1337;13;110;255; ;x
1338;231;24;21; ;x
1339;153;0;2; ;x
1340;58;56;255; ;x
1341;31;205;137; ;x
1342;105;193;23; ;x
1343;240;240;97; ;x
1344;242;133;20; ;x
1345;235;143;3; ;x
1346;57;113;57; ;x
1347;216;153;42; ;x
1348;10;7;255; ;x
1349;77;37;113; ;x
1350;54;14;255; ;x
1351;124;250;8; ;x
1352;218;249;0; ;x
1353;30;12;136; ;x
1354;2;15;255; ;x
1355;144;239;223; ;x
1356;196;93;21; ;x
1357;127;73;86; ;x
1358;114;235;27; ;x
1359;60;96;255; ;x
1360;89;70;29; ;x
1361;80;250;255; ;x
1362;199;39;43; ;x
1363;50;53;255; ;x
1364;231;174;76; ;x
1365;209;102;30; ;x
1366;114;34;19; ;x
1367;14;121;255; ;x
1368;249;26;100; ;x
1369;7;118;255; ;x
1370;7;62;255; ;x
1371;245;97;116; ;x
1372;47;53;255; ;x
1373;180;110;60; ;x
1374;60;48;255; ;x
1375;4;81;255; ;x
1376;53;15;255; ;x
1377;245;119;125; ;x
1378;116;250;255; ;x
1379;126;75;224; ;x
1380;68;84;108; ;x
1381;119;86;26; ;x
1382;233;16;68; ;x
1383;147;182;79; ;x
1384;165;114;52; ;x
1385;167;32;104; ;x
1386;234;233;72; ;x
1387;78;172;29; ;x
1388;2;69;255; ;x
1389;109;139;78; ;x
1390;93;67;46; ;x
1391;72;92;111; ;x
1392;192;64;192; ;x
1393;56;57;255; ;x
1394;212;47;66; ;x
1395;155;141;65; ;x
1396;123;66;24; ;x
1397;112;183;7; ;x
1398;22;1;255; ;x
1399;49;144;96; ;x
1400;142;225;41; ;x
1401;103;15;20; ;x
1402;33;45;255; ;x
1403;115;138;0; ;x
1404;197;26;80; ;x
1405;117;65;50; ;x
1406;142;46;63; ;x
1407;155;250;69; ;x
1408;155;168;181; ;x
1409;148;164;107; ;x
1410;99;252;109; ;x
1411;187;82;61; ;x
1412;159;46;60; ;x
1413;187;113;103; ;x
1414;211;43;101; ;x
1415;48;80;128; ;x
1416;29;15;255; ;x
1417;194;171;117; ;x
1418;229;178;12; ;x
1419;246;76;57; ;x
1420;81;118;23; ;x
1421;55;99;255; ;x
1422;238;220;78; ;x
1423;134;198;113; ;x
1424;35;106;255; ;x
1425;42;40;255; ;x
1426;156;25;93; ;x
1427;122;35;40; ;x
1428;183;103;48; ;x
1429;227;164;11; ;x
1430;224;76;116; ;x
1431;197;192;1; ;x
1432;145;56;79; ;x
1433;84;250;255; ;x
1434;215;168;118; ;x
1435;208;207;110; ;x
1436;114;99;23; ;x
1437;224;82;105; ;x
1438;170;240;6; ;x
1439;229;124;49; ;x
1440;153;251;67; ;x
1441;82;200;255; ;x
1442;79;53;9; ;x
1443;145;248;25; ;x
1444;217;218;100; ;x
1445;116;119;65; ;x
1446;103;168;105; ;x
1447;124;250;91; ;x
1448;69;109;77; ;x
1449;96;133;100; ;x
1450;43;46;255; ;x
1451;55;14;248; ;x
1452;139;73;1; ;x
1453;127;112;12; ;x
1454;90;233;77; ;x
1455;135;52;126; ;x
1456;36;151;231; ;x
1457;192;248;123; ;x
1458;26;9;255; ;x
1459;109;247;57; ;x
1460;111;214;60; ;x
1461;46;66;133; ;x
1462;103;50;1; ;x
1463;192;90;76; ;x
1464;236;39;63; ;x
1465;211;247;77; ;x
1466;93;131;80; ;x
1467;128;108;58; ;x
1468;219;16;89; ;x
1469;211;230;93; ;x
1470;95;131;85; ;x
1471;147;88;53; ;x
1472;52;6;255; ;x
1473;121;4;25; ;x
1474;37;27;255; ;x
1475;192;1;48; ;x
1476;122;93;32; ;x
1477;194;91;67; ;x
1478;167;225;106; ;x
1479;33;70;255; ;x
1480;194;16;111; ;x
1481;88;172;68; ;x
1482;194;73;9; ;x
1483;222;11;42; ;x
1484;204;8;118; ;x
1485;190;154;95; ;x
1486;133;197;47; ;x
1487;168;45;28; ;x
1488;17;24;255; ;x
1489;39;83;255; ;x
1490;165;201;103; ;x
1491;9;78;255; ;x
1492;74;128;40; ;x
1493;48;208;128; ;x
1494;24;125;255; ;x
1495;248;136;1; ;x
1496;128;146;6; ;x
1497;88;135;32; ;x
1498;174;22;22; ;x
1499;230;76;52; ;x
1500;212;144;38; ;x
1501;234;96;28; ;x
1502;81;200;255; ;x
1503;134;74;87; ;x
1504;156;204;99; ;x
1505;243;180;48; ;x
1506;146;106;17; ;x
1507;252;39;4; ;x
1508;204;158;59; ;x
1509;165;75;112; ;x
1510;173;91;54; ;x
1511;195;52;99; ;x
1512;192;70;9; ;x
1513;243;48;68; ;x
1514;239;204;26; ;x
1515;142;83;110; ;x
1516;81;233;78; ;x
1517;105;211;123; ;x
1518;222;89;38; ;x
1519;83;66;33; ;x
1520;241;67;78; ;x
1521;187;196;13; ;x
1522;92;33;74; ;x
1523;232;222;86; ;x
1524;121;169;34; ;x
1525;139;104;44; ;x
1526;83;165;69; ;x
1527;176;141;14; ;x
1528;171;241;50; ;x
1529;67;232;79; ;x
1530;137;72;35; ;x
1531;243;178;52; ;x
1532;139;252;6; ;x
1533;211;152;57; ;x
1534;174;71;76; ;x
1535;195;156;48; ;x
1536;89;218;76; ;x
1537;35;48;255; ;x
1538;154;127;8; ;x
1539;191;251;39; ;x
1540;243;130;109; ;x
1541;108;57;112; ;x
1542;158;137;52; ;x
1543;79;134;119; ;x
1544;240;205;113; ;x
1545;71;220;37; ;x
1546;189;68;3; ;x
1547;155;45;57; ;x
1548;217;46;12; ;x
1549;112;17;160; ;x
1550;1;74;255; ;x
1551;67;48;116; ;x
1552;67;30;88; ;x
1553;89;13;44; ;x
1554;72;46;4; ;x
1555;209;249;4; ;x
1556;164;124;25; ;x
1557;138;32;74; ;x
1558;168;23;14; ;x
1559;136;29;83; ;x
1560;96;14;40; ;x
1561;244;221;123; ;x
1562;200;52;47; ;x
1563;177;118;100; ;x
1564;173;96;84; ;x
1565;119;218;101; ;x
1566;227;107;62; ;x
1567;65;182;117; ;x
1568;231;8;119; ;x
1569;185;192;110; ;x
1570;226;213;52; ;x
1571;36;32;255; ;x
1572;36;72;255; ;x
1573;227;50;50; ;x
1574;173;182;68; ;x
1575;218;90;80; ;x
1576;175;52;68; ;x
1577;90;211;40; ;x
1578;82;6;106; ;x
1579;64;250;255; ;x
1580;206;68;90; ;x
1581;66;18;67; ;x
1582;121;45;62; ;x
1583;32;45;255; ;x
1584;204;204;109; ;x
1585;237;49;102; ;x
1586;234;42;40; ;x
1587;226;99;83; ;x
1588;28;47;255; ;x
1589;198;57;9; ;x
1590;121;87;78; ;x
1591;163;102;7; ;x
1592;92;46;8; ;x
1593;237;139;56; ;x
1594;153;225;56; ;x
1595;22;116;255; ;x
1596;109;103;83; ;x
1597;95;111;106; ;x
1598;193;254;62; ;x
1599;238;253;71; ;x
1600;144;89;124; ;x
1601;122;74;86; ;x
1602;206;20;117; ;x
1603;84;163;111; ;x
1604;173;69;111; ;x
1605;150;102;15; ;x
1606;215;160;60; ;x
1607;135;65;62; ;x
1608;85;132;82; ;x
1609;167;156;70; ;x
1610;131;138;70; ;x
1611;60;119;255; ;x
1612;208;144;160; ;x
1613;113;238;81; ;x
1614;174;182;56; ;x
1615;171;175;92; ;x
1616;75;143;10; ;x
1617;126;153;119; ;x
1618;243;225;126; ;x
1619;42;73;255; ;x
1620;137;253;114; ;x
1621;238;65;43; ;x
1622;108;201;85; ;x
1623;192;43;39; ;x
1624;204;133;86; ;x
1625;197;166;43; ;x
1626;81;163;84; ;x
1627;80;97;10; ;x
1628;29;38;255; ;x
1629;118;206;36; ;x
1630;245;112;85; ;x
1631;151;222;34; ;x
1632;101;74;28; ;x
1633;45;12;255; ;x
1634;217;4;19; ;x
1635;87;135;62; ;x
1636;183;66;23; ;x
1637;225;42;73; ;x
1638;194;240;105; ;x
1639;125;64;82; ;x
1640;16;65;255; ;x
1641;99;153;107; ;x
1642;91;8;26; ;x
1643;222;41;57; ;x
1644;211;237;50; ;x
1645;235;87;56; ;x
1646;66;206;30; ;x
1647;124;249;34; ;x
1648;211;241;53; ;x
1649;251;142;103; ;x
1650;93;162;114; ;x
1651;216;143;109; ;x
1652;144;128;240; ;x
1653;56;81;255; ;x
1654;121;85;0; ;x
1655;46;53;255; ;x
1656;201;246;93; ;x
1657;52;46;255; ;x
1658;66;164;21; ;x
1659;198;234;48; ;x
1660;73;104;49; ;x
1661;80;226;77; ;x
1662;213;60;32; ;x
1663;167;94;120; ;x
1664;85;70;36; ;x
1665;87;220;255; ;x
1666;121;27;35; ;x
1667;134;242;56; ;x
1668;33;16;255; ;x
1669;149;252;120; ;x
1670;16;106;255; ;x
1671;100;40;98; ;x
1672;46;19;255; ;x
1673;92;115;124; ;x
1674;158;229;66; ;x
1675;129;113;2; ;x
1676;227;116;57; ;x
1677;123;178;95; ;x
1678;144;75;63; ;x
1679;150;169;14; ;x
1680;124;102;31; ;x
1681;17;25;255; ;x
1682;160;80;32; ;x
1683;87;101;55; ;x
1684;67;104;67; ;x
1685;143;144;73; ;x
1686;124;177;82; ;x
1687;158;42;42; ;x
1688;64;27;68; ;x
1689;29;88;255; ;x
1690;7;86;255; ;x
1691;163;137;66; ;x
1692;81;119;100; ;x
1693;243;108;19; ;x
1694;110;196;13; ;x
1695;203;134;29; ;x
1696;73;26;92; ;x
1697;153;19;103; ;x
1698;26;93;255; ;x
1699;219;192;4; ;x
1700;212;188;71; ;x
1701;244;66;126; ;x
1702;198;75;113; ;x
1703;115;73;85; ;x
1704;147;183;59; ;x
1705;207;40;94; ;x
1706;37;13;255; ;x
1707;46;4;255; ;x
1708;232;19;41; ;x
1709;240;252;16; ;x
1710;78;198;27; ;x
1711;167;149;3; ;x
1712;96;95;67; ;x
1713;219;79;16; ;x
1714;253;65;114; ;x
1715;87;44;32; ;x
1716;91;159;6; ;x
1717;126;98;1; ;x
1718;147;78;23; ;x
1719;242;37;99; ;x
1720;99;19;109; ;x
1721;128;143;23; ;x
1722;150;222;31; ;x
1723;208;176;33; ;x
1724;171;121;56; ;x
1725;33;66;255; ;x
1726;223;249;54; ;x
1727;111;118;96; ;x
1728;211;163;18; ;x
1729;243;200;46; ;x
1730;168;82;42; ;x
1731;202;92;40; ;x
1732;191;121;109; ;x
1733;177;54;96; ;x
1734;229;238;27; ;x
1735;159;54;57; ;x
1736;246;156;29; ;x
1737;242;92;89; ;x
1738;111;168;42; ;x
1739;145;65;21; ;x
1740;19;73;255; ;x
1741;110;13;78; ;x
1742;182;199;64; ;x
1743;172;75;77; ;x
1744;99;132;122; ;x
1745;212;232;28; ;x
1746;198;173;63; ;x
1747;19;52;255; ;x
1748;12;96;255; ;x
1749;175;131;67; ;x
1750;191;182;19; ;x
1751;11;33;255; ;x
1752;97;55;47; ;x
1753;79;195;123; ;x
1754;3;8;255; ;x
1755;91;139;53; ;x
1756;221;94;3; ;x
1757;18;5;255; ;x
1758;8;70;255; ;x
1759;61;81;255; ;x
1760;249;123;107; ;x
1761;121;201;115; ;x
1762;34;19;255; ;x
1763;9;97;255; ;x
1764;228;129;77; ;x
1765;60;79;255; ;x
1766;85;200;255; ;x
1767;80;107;52; ;x
1768;68;205;120; ;x
1769;80;208;4; ;x
1770;230;99;35; ;x
1771;207;16;26; ;x
1772;224;160;240; ;x
1773;199;123;99; ;x
1774;166;172;35; ;x
1775;82;56;66; ;x
1776;230;166;108; ;x
1777;76;160;17; ;x
1778;80;144;160; ;x
1779;98;211;29; ;x
1780;162;80;23; ;x
1781;101;199;56; ;x
1782;1;122;255; ;x
1783;117;59;111; ;x
1784;86;200;255; ;x
1785;249;40;79; ;x
1786;213;139;120; ;x
1787;157;176;79; ;x
1788;54;38;255; ;x
1789;102;218;102; ;x
1790;78;57;47; ;x
1791;3;113;255; ;x
1792;43;9;255; ;x
1793;121;79;102; ;x
1794;210;114;29; ;x
1795;92;163;80; ;x
1796;218;66;24; ;x
1797;148;15;42; ;x
1798;19;76;255; ;x
1799;207;186;97; ;x
1800;186;250;3; ;x
1801;208;144;224; ;x
1802;252;56;24; ;x
1803;207;208;40; ;x
1804;165;48;113; ;x
1805;217;146;82; ;x
1806;252;15;59; ;x
1807;209;203;20; ;x
1808;238;71;28; ;x
1809;249;208;78; ;x
1810;74;65;114; ;x
1811;51;13;255; ;x
1812;234;8;100; ;x
1813;91;77;94; ;x
1814;3;74;255; ;x
1815;143;247;80; ;x
1816;114;88;90; ;x
1817;69;53;119; ;x
1818;68;10;121; ;x
1819;76;221;73; ;x
1820;160;237;92; ;x
1821;222;19;76; ;x
1822;166;247;49; ;x
1823;128;160;208; ;x
1824;198;183;117; ;x
1825;6;110;255; ;x
1826;244;146;111; ;x
1827;208;85;97; ;x
1828;228;85;53; ;x
1829;240;16;64; ;x
1830;23;30;255; ;x
1831;122;40;7; ;x
1832;94;2;63; ;x
1833;205;6;45; ;x
1834;42;25;255; ;x
1835;171;127;0; ;x
1836;135;122;78; ;x
1837;119;47;46; ;x
1838;214;159;21; ;x
1839;91;78;49; ;x
1840;70;91;106; ;x
1841;153;32;88; ;x
1842;121;54;13; ;x
1843;51;23;255; ;x
1844;18;90;255; ;x
1845;120;159;100; ;x
1846;46;16;255; ;x
1847;30;24;255; ;x
1848;142;235;43; ;x
1849;92;191;121; ;x
1850;214;150;75; ;x
1851;230;156;8; ;x
1852;136;246;22; ;x
1853;170;107;45; ;x
1854;211;8;58; ;x
1855;104;18;91; ;x
1856;42;78;255; ;x
1857;200;26;46; ;x
1858;69;200;255; ;x
1859;169;172;57; ;x
1860;81;94;75; ;x
1861;250;121;34; ;x
1862;101;237;98; ;x
1863;0;12;255; ;x
1864;124;200;122; ;x
1865;204;202;103; ;x
1866;223;120;45; ;x
1867;184;232;6; ;x
1868;51;3;255; ;x
1869;215;57;66; ;x
1870;87;92;2; ;x
1871;197;238;64; ;x
1872;177;48;99; ;x
1873;102;196;4; ;x
1874;172;134;40; ;x
1875;3;7;255; ;x
1876;215;115;18; ;x
1877;96;213;122; ;x
1878;128;167;9; ;x
1879;104;103;82; ;x
1880;68;250;255; ;x
1881;224;135;64; ;x
1882;131;0;10; ;x
1883;6;198;70; ;x
1884;192;244;28; ;x
1885;254;33;119; ;x
1886;253;194;105; ;x
1887;106;111;102; ;x
1888;182;64;121; ;x
1889;54;77;255; ;x
1890;3;110;255; ;x
1891;90;153;67; ;x
1892;80;102;21; ;x
1893;253;68;111; ;x
1894;84;163;105; ;x
1895;87;217;61; ;x
1896;94;15;21; ;x
1897;230;159;20; ;x
1898;18;200;255; ;x
1899;204;119;58; ;x
1900;143;107;46; ;x
1901;17;200;255; ;x
1902;39;18;255; ;x
1903;137;14;55; ;x
1904;114;39;9; ;x
1905;41;115;255; ;x
1906;211;122;72; ;x
1907;91;117;10; ;x
1908;168;168;0; ;x
1909;141;110;70; ;x
1910;221;16;116; ;x
1911;118;126;81; ;x
1912;174;195;197; ;x
1913;0;160;192; ;x
1914;214;145;7; ;x
1915;107;236;87; ;x
1916;246;46;20; ;x
1917;177;151;16; ;x
1918;18;48;255; ;x
1919;196;144;25; ;x
1920;219;86;63; ;x
1921;133;139;22; ;x
1922;108;195;7; ;x
1923;116;231;25; ;x
1924;90;204;71; ;x
1925;211;98;27; ;x
1926;20;73;255; ;x
1927;117;30;104; ;x
1928;236;248;5; ;x
1929;163;61;27; ;x
1930;66;102;124; ;x
1931;152;157;48; ;x
1932;174;80;93; ;x
1933;101;207;33; ;x
1934;157;238;6; ;x
1935;72;229;66; ;x
1936;109;100;92; ;x
1937;171;164;101; ;x
1938;168;220;31; ;x
1939;98;248;25; ;x
1940;194;106;57; ;x
1941;119;154;59; ;x
1942;37;79;255; ;x
1943;55;102;255; ;x
1944;174;45;172; ;x
1945;45;7;255; ;x
1946;123;29;14; ;x
1947;71;71;124; ;x
1948;155;13;106; ;x
1949;129;40;82; ;x
1950;87;26;25; ;x
1951;78;216;76; ;x
1952;172;101;39; ;x
1953;133;166;84; ;x
1954;11;1;255; ;x
1955;132;47;121; ;x
1956;169;68;62; ;x
1957;93;135;1; ;x
1958;126;74;98; ;x
1959;60;3;255; ;x
1960;162;126;90; ;x
1961;78;173;89; ;x
1962;220;65;109; ;x
1963;60;110;255; ;x
1964;230;44;122; ;x
1965;0;34;255; ;x
1966;30;200;255; ;x
1967;105;128;95; ;x
1968;122;249;105; ;x
1969;96;250;255; ;x
1970;82;3;109; ;x
1971;29;200;255; ;x
1972;82;25;16; ;x
1973;88;250;255; ;x
1974;216;233;77; ;x
1975;152;102;107; ;x
1976;156;176;108; ;x
1977;87;177;43; ;x
1978;209;23;45; ;x
1979;85;153;37; ;x
1980;147;229;75; ;x
1981;175;179;90; ;x
1982;138;145;104; ;x
1983;90;125;101; ;x
1984;161;174;94; ;x
1985;37;82;255; ;x
1986;32;250;255; ;x
1987;125;94;99; ;x
1988;74;143;24; ;x
1989;221;63;104; ;x
1990;198;37;35; ;x
1991;97;200;255; ;x
1992;149;141;13; ;x
1993;84;206;77; ;x
1994;233;43;5; ;x
1995;244;128;115; ;x
1996;122;71;33; ;x
1997;254;217;20; ;x
1998;78;35;105; ;x
1999;31;220;255; ;x
2000;200;209;95; ;x
2001;137;198;102; ;x
2002;166;53;34; ;x
2003;50;109;255; ;x
2004;208;135;64; ;x
2005;188;49;99; ;x
2006;31;94;255; ;x
2007;173;152;102; ;x
2008;32;12;255; ;x
2009;130;113;63; ;x
2010;148;165;61; ;x
2011;112;167;102; ;x
2012;230;91;14; ;x
2013;177;69;3; ;x
2014;116;66;53; ;x
2015;204;37;93; ;x
2016;90;59;41; ;x
2017;159;49;43; ;x
2018;111;178;15; ;x
2019;5;101;255; ;x
2020;144;102;101; ;x
2021;88;69;6; ;x
2022;2;27;255; ;x
2023;42;3;78; ;x
2024;135;122;52; ;x
2025;204;92;18; ;x
2026;14;30;255; ;x
2027;65;9;41; ;x
2028;164;41;125; ;x
2029;150;59;66; ;x
2030;203;192;34; ;x
2031;75;128;73; ;x
2032;16;4;255; ;x
2033;135;151;55; ;x
2034;182;194;58; ;x
2035;67;114;113; ;x
2036;195;24;19; ;x
2037;184;133;118; ;x
2038;33;200;255; ;x
2039;86;177;64; ;x
2040;119;133;22; ;x
2041;150;158;35; ;x
2042;164;204;26; ;x
2043;202;89;93; ;x
2044;97;193;109; ;x
2045;69;101;83; ;x
2046;192;89;123; ;x
2047;152;146;80; ;x
2048;6;29;255; ;x
2049;223;59;32; ;x
2050;73;253;13; ;x
2051;179;62;34; ;x
2052;82;38;47; ;x
2053;167;152;39; ;x
2054;174;228;18; ;x
2055;181;179;100; ;x
2056;224;96;32; ;x
2057;219;112;93; ;x
2058;107;151;87; ;x
2059;136;22;121; ;x
2060;183;136;90; ;x
2061;92;250;255; ;x
2062;92;151;92; ;x
2063;214;71;14; ;x
2064;91;14;10; ;x
2065;142;126;24; ;x
2066;61;51;255; ;x
2067;232;141;77; ;x
2068;165;241;97; ;x
2069;89;19;5; ;x
2070;247;205;10; ;x
2071;117;75;117; ;x
2072;138;73;0; ;x
2073;109;176;111; ;x
2074;48;69;255; ;x
2075;118;217;65; ;x
2076;226;54;54; ;x
2077;233;193;42; ;x
2078;227;0;39; ;x
2079;218;200;100; ;x
2080;217;94;93; ;x
2081;186;223;71; ;x
2082;160;169;77; ;x
2083;79;201;47; ;x
2084;176;58;40; ;x
2085;99;25;116; ;x
2086;188;205;46; ;x
2087;254;67;31; ;x
2088;144;195;100; ;x
2089;179;47;59; ;x
2090;111;118;18; ;x
2091;219;188;29; ;x
2092;207;243;17; ;x
2093;73;71;69; ;x
2094;249;44;28; ;x
2095;59;82;255; ;x
2096;250;92;2; ;x
2097;58;89;255; ;x
2098;246;100;38; ;x
2099;85;95;38; ;x
2100;98;111;12; ;x
2101;215;158;17; ;x
2102;100;109;77; ;x
2103;241;14;70; ;x
2104;193;193;42; ;x
2105;131;157;92; ;x
2106;209;203;83; ;x
2107;119;135;100; ;x
2108;17;240;32; ;x
2109;228;130;7; ;x
2110;224;38;69; ;x
2111;204;105;92; ;x
2112;206;162;123; ;x
2113;204;44;24; ;x
2114;201;146;28; ;x
2115;71;202;113; ;x
2116;169;100;124; ;x
2117;1;104;255; ;x
2118;208;144;128; ;x
2119;188;83;50; ;x
2120;127;70;2; ;x
2121;162;59;76; ;x
2122;108;77;115; ;x
2123;28;14;255; ;x
2124;182;39;76; ;x
2125;243;110;37; ;x
2126;90;245;14; ;x
2127;68;120;20; ;x
2128;143;143;222; ;x
2129;129;87;122; ;x
2130;206;138;25; ;x
2131;198;54;57; ;x
2132;186;151;79; ;x
2133;224;233;55; ;x
2134;220;39;64; ;x
2135;113;200;255; ;x
2136;39;33;255; ;x
2137;204;228;96; ;x
2138;213;96;112; ;x
2139;97;148;118; ;x
2140;86;158;74; ;x
2141;251;184;112; ;x
2142;215;221;45; ;x
2143;91;22;114; ;x
2144;223;81;59; ;x
2145;68;115;74; ;x
2146;142;211;101; ;x
2147;212;230;34; ;x
2148;229;253;76; ;x
2149;168;141;56; ;x
2150;63;98;8; ;x
2151;63;20;255; ;x
2152;198;88;76; ;x
2153;118;68;27; ;x
2154;166;5;57; ;x
2155;177;49;116; ;x
2156;74;179;88; ;x
2157;159;216;2; ;x
2158;245;107;10; ;x
2159;152;145;2; ;x
2160;112;250;255; ;x
2161;181;109;103; ;x
2162;205;139;58; ;x
2163;72;45;114; ;x
2164;163;240;85; ;x
2165;183;89;63; ;x
2166;227;116;87; ;x
2167;222;107;60; ;x
2168;78;243;64; ;x
2169;192;88;74; ;x
2170;167;112;126; ;x
2171;163;198;113; ;x
2172;238;243;53; ;x
2173;213;32;111; ;x
2174;234;117;27; ;x
2175;65;131;95; ;x
2176;233;198;49; ;x
2177;110;5;124; ;x
2178;142;74;64; ;x
2179;202;175;122; ;x
2180;127;220;255; ;x
2181;80;83;101; ;x
2182;45;22;255; ;x
2183;192;171;60; ;x
2184;89;148;24; ;x
2185;21;93;255; ;x
2186;51;88;255; ;x
2187;187;147;68; ;x
2188;215;205;100; ;x
2189;55;57;255; ;x
2190;70;198;85; ;x
2191;194;80;48; ;x
2192;113;180;59; ;x
2193;22;15;255; ;x
2194;152;75;43; ;x
2195;124;254;102; ;x
2196;78;173;51; ;x
2197;119;142;92; ;x
2198;126;200;255; ;x
2199;103;83;45; ;x
2200;31;79;255; ;x
2201;7;77;255; ;x
2202;49;66;255; ;x
2203;126;225;9; ;x
2204;125;231;57; ;x
2205;63;36;255; ;x
2206;227;65;9; ;x
2207;14;72;255; ;x
2208;96;240;17; ;x
2209;163;232;46; ;x
2210;77;166;88; ;x
2211;173;101;79; ;x
2212;147;250;0; ;x
2213;100;247;7; ;x
2214;147;28;63; ;x
2215;22;70;255; ;x
2216;137;100;76; ;x
2217;9;24;255; ;x
2218;8;105;255; ;x
2219;22;61;255; ;x
2220;165;31;50; ;x
2221;217;120;1; ;x
2222;161;249;108; ;x
2223;138;167;31; ;x
2224;125;175;104; ;x
2225;149;201;33; ;x
2226;111;220;255; ;x
2227;210;152;1; ;x
2228;247;155;31; ;x
2229;175;69;16; ;x
2230;115;220;255; ;x
2231;186;115;36; ;x
2232;104;49;9; ;x
2233;10;21;255; ;x
2234;217;145;0; ;x
2235;223;104;32; ;x
2236;125;200;255; ;x
2237;171;175;62; ;x
2238;251;29;97; ;x
2239;36;109;255; ;x
2240;79;26;66; ;x
2241;207;183;50; ;x
2242;104;182;3; ;x
2243;242;40;65; ;x
2244;142;250;9; ;x
2245;97;240;33; ;x
2246;78;9;123; ;x
2247;240;81;223; ;x
2248;74;43;16; ;x
2249;131;202;112; ;x
2250;215;9;6; ;x
2251;174;195;113; ;x
2252;62;51;255; ;x
2253;140;18;51; ;x
2254;251;137;62; ;x
2255;81;40;63; ;x
2256;204;96;97; ;x
2257;211;164;126; ;x
2258;219;6;40; ;x
2259;251;4;27; ;x
2260;176;202;100; ;x
2261;117;250;255; ;x
2262;67;248;98; ;x
2263;84;111;117; ;x
2264;102;125;49; ;x
2265;130;75;46; ;x
2266;192;24;95; ;x
2267;171;217;8; ;x
2268;144;60;16; ;x
2269;167;80;3; ;x
2270;80;121;12; ;x
2271;241;153;19; ;x
2272;69;192;109; ;x
2273;137;52;82; ;x
2274;16;2;255; ;x
2275;16;54;255; ;x
2276;198;27;109; ;x
2277;233;209;78; ;x
2278;136;114;92; ;x
2279;160;192;32; ;x
2280;80;96;255; ;x
2281;120;107;114; ;x
2282;82;137;62; ;x
2283;7;127;255; ;x
2284;65;92;22; ;x
2285;193;219;107; ;x
2286;103;220;255; ;x
2287;184;197;61; ;x
2288;127;12;102; ;x
2289;75;121;62; ;x
2290;77;249;78; ;x
2291;66;52;119; ;x
2292;175;32;55; ;x
2293;84;156;131; ;x
2294;89;11;85; ;x
2295;86;182;87; ;x
2296;181;177;117; ;x
2297;117;200;255; ;x
2298;89;155;98; ;x
2299;70;147;35; ;x
2300;199;41;13; ;x
2301;138;243;5; ;x
2302;24;27;255; ;x
2303;85;145;32; ;x
2304;104;110;65; ;x
2305;92;209;39; ;x
2306;176;224;160; ;x
2307;162;8;25; ;x
2308;252;157;108; ;x
2309;165;211;20; ;x
2310;104;250;255; ;x
2311;78;63;76; ;x
2312;202;227;36; ;x
2313;119;222;38; ;x
2314;224;1;17; ;x
2315;93;200;255; ;x
2316;247;154;92; ;x
2317;5;60;255; ;x
2318;179;229;88; ;x
2319;9;201;255; ;x
2320;187;210;2; ;x
2321;234;150;26; ;x
2322;124;250;255; ;x
2323;135;235;90; ;x
2324;168;46;43; ;x
2325;187;130;8; ;x
2326;118;200;255; ;x
2327;139;153;86; ;x
2328;248;205;53; ;x
2329;151;8;27; ;x
2330;232;37;33; ;x
2331;55;92;255; ;x
2332;142;199;54; ;x
2333;250;221;104; ;x
2334;236;248;92; ;x
2335;243;227;75; ;x
2336;202;107;68; ;x
2337;185;167;48; ;x
2338;163;34;15; ;x
2339;94;58;36; ;x
2340;227;176;23; ;x
2341;253;62;80; ;x
2342;98;106;81; ;x
2343;0;251;255; ;x
2344;79;143;48; ;x
2345;43;78;255; ;x
2346;113;28;81; ;x
2347;123;220;255; ;x
2348;230;253;64; ;x
2349;113;254;3; ;x
2350;165;116;68; ;x
2351;241;18;1; ;x
2352;14;97;255; ;x
2353;182;171;30; ;x
2354;107;143;100; ;x
2355;73;193;76; ;x
2356;239;41;21; ;x
2357;1;201;255; ;x
2358;84;111;38; ;x
2359;8;251;255; ;x
2360;229;89;87; ;x
2361;12;127;255; ;x
2362;56;31;255; ;x
2363;182;201;122; ;x
2364;33;96;176; ;x
2365;22;13;255; ;x
2366;8;2;255; ;x
2367;244;183;26; ;x
2368;165;189;11; ;x
2369;6;201;255; ;x
2370;7;221;255; ;x
2371;3;221;255; ;x
2372;243;155;109; ;x
2373;93;195;20; ;x
2374;252;9;37; ;x
2375;112;203;49; ;x
2376;2;201;255; ;x
2377;4;251;255; ;x
2378;10;201;255; ;x
2379;5;201;255; ;x
2380;16;251;255; ;x
2381;12;251;255; ;x
2382;14;201;255; ;x
2383;28;251;255; ;x
2384;94;200;255; ;x
2385;26;201;255; ;x
2386;20;251;255; ;x
2387;22;201;255; ;x
2388;18;201;255; ;x
2389;24;251;255; ;x
2390;29;201;255; ;x
2391;13;201;255; ;x
2392;17;201;255; ;x
2393;21;201;255; ;x
2394;11;221;255; ;x
2395;15;221;255; ;x
2396;19;221;255; ;x
2397;27;221;255; ;x
2398;23;221;255; ;x
2399;25;201;255; ;x
2400;95;220;255; ;x
