#From;To;Type;Through;Data;Comment
#
# The canals
#
532;1116;canal;604;1;Valles Canal 1
140;233;canal;211;2;Ceraunia Canal
1116;684;canal;665;3;Valles Canal 2
1103;1100;canal;1111;4;Middle Mars Canal
1328;466;canal;138;5;Space Elevator
# Inner Sea Australe 
#
1247;1999;sea;1306;0;
1256;1986;sea;1290;0;
1999;1378;sea;1356;0;
1986;1378;sea;1385;0;
1579;1488;sea;1477;0;
1986;1398;sea;1380;0;
1579;1398;sea;1427;0;
#
# Inner Sea Aonia 
#
1148;1124;sea;1122;0;
1124;1035;sea;1114;0;
1035;1103;sea;1084;0;
#
567;548;sea;200;0;Valles Inner sea
#
# Impassables
#
#Volcano 1
#

359;315;impassable;0;0;
359;336;impassable;0;0;
359;362;impassable;0;0;
379;362;impassable;0;0;
379;393;impassable;0;0;
379;386;impassable;0;0;
370;386;impassable;0;0;
370;348;impassable;0;0;
350;348;impassable;0;0;
350;315;impassable;0;0;
#
#Volcano 2
#
452;421;impassable;0;0;
431;421;impassable;0;0;
431;402;impassable;0;0;
431;406;impassable;0;0;
445;406;impassable;0;0;
445;439;impassable;0;0;
445;466;impassable;0;0;
475;466;impassable;0;0;
475;490;impassable;0;0;
475;493;impassable;0;0;
475;463;impassable;0;0;
475;421;impassable;0;0;
#
#Versian Mountain
#
1501;1485;impassable;0;0;
#
#Olympus Mons
#
288;262;impassable;0;0;
288;266;impassable;0;0;
288;258;impassable;0;0;
288;291;impassable;0;0;
288;306;impassable;0;0;
311;338;impassable;0;0;
320;338;impassable;0;0;
320;353;impassable;0;0;
335;353;impassable;0;0;
335;365;impassable;0;0;
335;341;impassable;0;0;
335;319;impassable;0;0;
293;319;impassable;0;0;
293;276;impassable;0;0;
293;262;impassable;0;0;
287;262;impassable;0;0;
287;266;impassable;0;0;
#
#Alba Mons
#
55;61;impassable;0;0;
55;77;impassable;0;0;
62;77;impassable;0;0;
62;75;impassable;0;0;
69;75;impassable;0;0;
69;71;impassable;0;0;
75;71;impassable;0;0;
52;71;impassable;0;0;
41;71;impassable;0;0;
#
#Tharsis Planum
#
371;358;impassable;0;0;
371;310;impassable;0;0;
371;311;impassable;0;0;
371;368;impassable;0;0;
371;374;impassable;0;0;
371;398;impassable;0;0;
371;430;impassable;0;0;
376;358;impassable;0;0;
376;392;impassable;0;0;
376;420;impassable;0;0;
376;432;impassable;0;0;
438;432;impassable;0;0;
438;430;impassable;0;0;
438;460;impassable;0;0;
438;491;impassable;0;0;
476;432;impassable;0;0;
476;481;impassable;0;0;
476;552;impassable;0;0;
476;544;impassable;0;0;
507;481;impassable;0;0;
507;502;impassable;0;0;
507;528;impassable;0;0;
507;537;impassable;0;0;
507;534;impassable;0;0;
507;544;impassable;0;0;
499;491;impassable;0;0;
499;488;impassable;0;0;
499;496;impassable;0;0;
511;491;impassable;0;0;
511;496;impassable;0;0;
511;563;impassable;0;0;
511;637;impassable;0;0;
531;637;impassable;0;0;
531;589;impassable;0;0;
531;585;impassable;0;0;
531;557;impassable;0;0;
531;552;impassable;0;0;
#
#Solis Mons
#
508;522;impassable;0;0;
508;490;impassable;0;0;
508;486;impassable;0;0;
508;482;impassable;0;0;
503;482;impassable;0;0;
503;482;impassable;0;0;
503;492;impassable;0;0;
503;497;impassable;0;0;
503;494;impassable;0;0;
503;501;impassable;0;0;
519;501;impassable;0;0;
519;520;impassable;0;0;
543;520;impassable;0;0;
543;533;impassable;0;0;
543;580;impassable;0;0;
601;580;impassable;0;0;
601;624;impassable;0;0;
642;736;impassable;0;0;
642;667;impassable;0;0;
642;677;impassable;0;0;
642;687;impassable;0;0;
642;686;impassable;0;0;
656;686;impassable;0;0;
656;695;impassable;0;0;
653;695;impassable;0;0;
729;695;impassable;0;0;
729;783;impassable;0;0;
729;820;impassable;0;0;
729;807;impassable;0;0;
761;807;impassable;0;0;
761;834;impassable;0;0;
761;805;impassable;0;0;
761;781;impassable;0;0;
761;760;impassable;0;0;
761;730;impassable;0;0;
693;730;impassable;0;0;
693;705;impassable;0;0;
693;870;impassable;0;0;
614;870;impassable;0;0;
614;641;impassable;0;0;
614;602;impassable;0;0;
550;602;impassable;0;0;
550;596;impassable;0;0;
550;572;impassable;0;0;
550;522;impassable;0;0;
503;484;impassable;0;0;
614;670;impassable;0;0;
693;670;impassable;0;0;
#
#Argyle Mons
#
837;783;impassable;0;0;
837;820;impassable;0;0;
837;807;impassable;0;0;
837;848;impassable;0;0;
868;848;impassable;0;0;
868;891;impassable;0;0;
868;915;impassable;0;0;
868;939;impassable;0;0;
888;939;impassable;0;0;
888;959;impassable;0;0;
888;962;impassable;0;0;
888;842;impassable;0;0;
841;783;impassable;0;0;
841;791;impassable;0;0;
865;791;impassable;0;0;
865;835;impassable;0;0;
865;842;impassable;0;0;
882;842;impassable;0;0;
882;840;impassable;0;0;
882;844;impassable;0;0;
882;965;impassable;0;0;
882;956;impassable;0;0;
882;957;impassable;0;0;
889;957;impassable;0;0;
889;960;impassable;0;0;
889;976;impassable;0;0;
889;844;impassable;0;0;
889;884;impassable;0;0;
924;976;impassable;0;0;
924;995;impassable;0;0;
924;909;impassable;0;0;
958;995;impassable;0;0;
958;1011;impassable;0;0;
958;1019;impassable;0;0;
958;992;impassable;0;0;
958;934;impassable;0;0;
#
#Artic
#
1327;1328;impassable;0;0;artic
1327;1373;impassable;0;0;artic
1327;1428;impassable;0;0;artic
1327;1412;impassable;0;0;artic
1327;1383;impassable;0;0;artic
1327;1332;impassable;0;0;artic
1327;1310;impassable;0;0;artic
1327;1301;impassable;0;0;artic
1333;1328;impassable;0;0;artic
1333;1293;impassable;0;0;artic
1333;1335;impassable;0;0;artic
1333;1406;impassable;0;0;artic
1333;1429;impassable;0;0;artic
1333;1428;impassable;0;0;artic
1333;1373;impassable;0;0;artic
1392;1335;impassable;0;0;artic
1392;1365;impassable;0;0;artic
1392;1452;impassable;0;0;artic
1392;1406;impassable;0;0;artic
#
# Blocking Circumnavigation 
#
2;2390;impassable;0;0;ocean
3;2390;impassable;0;0;ocean
4;2390;impassable;0;0;ocean
5;2390;impassable;0;0;ocean
6;2390;impassable;0;0;ocean
7;2390;impassable;0;0;ocean
8;2390;impassable;0;0;ocean
9;2390;impassable;0;0;ocean
10;2390;impassable;0;0;ocean
11;2390;impassable;0;0;ocean
2;2391;impassable;0;0;ocean
3;2391;impassable;0;0;ocean
4;2391;impassable;0;0;ocean
5;2391;impassable;0;0;ocean
6;2391;impassable;0;0;ocean
7;2391;impassable;0;0;ocean
8;2391;impassable;0;0;ocean
9;2391;impassable;0;0;ocean
10;2391;impassable;0;0;ocean
11;2391;impassable;0;0;ocean
2;2392;impassable;0;0;ocean
3;2392;impassable;0;0;ocean
4;2392;impassable;0;0;ocean
5;2392;impassable;0;0;ocean
6;2392;impassable;0;0;ocean
7;2392;impassable;0;0;ocean
8;2392;impassable;0;0;ocean
9;2392;impassable;0;0;ocean
10;2392;impassable;0;0;ocean
11;2392;impassable;0;0;ocean
2;2393;impassable;0;0;ocean
3;2393;impassable;0;0;ocean
4;2393;impassable;0;0;ocean
5;2393;impassable;0;0;ocean
6;2393;impassable;0;0;ocean
7;2393;impassable;0;0;ocean
8;2393;impassable;0;0;ocean
9;2393;impassable;0;0;ocean
10;2393;impassable;0;0;ocean
11;2393;impassable;0;0;ocean
2;2394;impassable;0;0;ocean
3;2394;impassable;0;0;ocean
4;2394;impassable;0;0;ocean
5;2394;impassable;0;0;ocean
6;2394;impassable;0;0;ocean
7;2394;impassable;0;0;ocean
8;2394;impassable;0;0;ocean
9;2394;impassable;0;0;ocean
10;2394;impassable;0;0;ocean
11;2394;impassable;0;0;ocean
2;2395;impassable;0;0;ocean
3;2395;impassable;0;0;ocean
4;2395;impassable;0;0;ocean
5;2395;impassable;0;0;ocean
6;2395;impassable;0;0;ocean
7;2395;impassable;0;0;ocean
8;2395;impassable;0;0;ocean
9;2395;impassable;0;0;ocean
10;2395;impassable;0;0;ocean
11;2395;impassable;0;0;ocean
2;2396;impassable;0;0;ocean
3;2396;impassable;0;0;ocean
4;2396;impassable;0;0;ocean
5;2396;impassable;0;0;ocean
6;2396;impassable;0;0;ocean
7;2396;impassable;0;0;ocean
8;2396;impassable;0;0;ocean
9;2396;impassable;0;0;ocean
10;2396;impassable;0;0;ocean
11;2396;impassable;0;0;ocean
2;2397;impassable;0;0;ocean
3;2397;impassable;0;0;ocean
4;2397;impassable;0;0;ocean
5;2397;impassable;0;0;ocean
6;2397;impassable;0;0;ocean
7;2397;impassable;0;0;ocean
8;2397;impassable;0;0;ocean
9;2397;impassable;0;0;ocean
10;2397;impassable;0;0;ocean
11;2397;impassable;0;0;ocean
2;2398;impassable;0;0;ocean
3;2398;impassable;0;0;ocean
4;2398;impassable;0;0;ocean
5;2398;impassable;0;0;ocean
6;2398;impassable;0;0;ocean
7;2398;impassable;0;0;ocean
8;2398;impassable;0;0;ocean
9;2398;impassable;0;0;ocean
10;2398;impassable;0;0;ocean
11;2398;impassable;0;0;ocean
2;2399;impassable;0;0;ocean
3;2399;impassable;0;0;ocean
4;2399;impassable;0;0;ocean
5;2399;impassable;0;0;ocean
6;2399;impassable;0;0;ocean
7;2399;impassable;0;0;ocean
8;2399;impassable;0;0;ocean
9;2399;impassable;0;0;ocean
10;2399;impassable;0;0;ocean
11;2399;impassable;0;0;ocean
2;2400;impassable;0;0;ocean
3;2400;impassable;0;0;ocean
4;2400;impassable;0;0;ocean
5;2400;impassable;0;0;ocean
6;2400;impassable;0;0;ocean
7;2400;impassable;0;0;ocean
8;2400;impassable;0;0;ocean
9;2400;impassable;0;0;ocean
10;2400;impassable;0;0;ocean
11;2400;impassable;0;0;ocean
1;2400;impassable;0;0;ocean
1;2394;impassable;0;0;ocean
#
# River Crossings
#
#Elysian Island Island
1467;1459;sea;1421;0;
#
151;169;sea;165;0;
142;169;sea;165;0;
135;157;sea;148;0;
#
125;149;sea;141;0;
131;152;sea;141;0;
#
201;203;sea;206;0;
228;247;sea;225;0;
#
1949;1978;sea;1971;0;
1949;1977;sea;1971;0;
1946;1967;sea;1971;0;
#
2001;2033;sea;2019;0;
2018;2039;sea;2032;0;
2029;2039;sea;2032;0;
2067;2070;sea;2074;0;
2100;2102;sea;2074;0;
#
2228;2246;sea;2239;0;
2221;2250;sea;2233;0;
2221;2235;sea;2233;0;
2181;2235;sea;2202;0;
#Hellenic Rivers and Islands
2096;2121;sea;2117;0;
2081;2088;sea;2066;0;
2055;2041;sea;2003;0;
2027;2056;sea;1985;0;
2027;2023;sea;1985;0;
2027;2005;sea;2003;0;
2000;2041;sea;1653;0;
2000;2037;sea;1653;0;
1998;2037;sea;1653;0;
1998;2042;sea;1653;0;
1981;2017;sea;1653;0;
1936;1911;sea;138;0;
1936;1950;sea;138;0;
1913;1895;sea;138;0;
1913;1867;sea;138;0;
1903;1892;sea;1868;0;
1903;1896;sea;1868;0;
1882;1896;sea;1868;0;
1752;1764;sea;1748;0;
1693;1712;sea;1690;0;
1680;1691;sea;1690;0;
#Sabaea River
2176;2225;sea;2215;0;
2176;2216;sea;2215;0;
2176;2216;sea;2209;0;
2143;2209;sea;2205;0;
2143;2191;sea;2205;0;
2172;2191;sea;2185;0;
2172;2192;sea;2185;0;
2154;2192;sea;2185;0;
2166;2210;sea;2201;0;
2177;2208;sea;2186;0;
2293;2295;sea;2275;0;
2314;2295;sea;2302;0;
2314;2299;sea;2302;0;
#Maruklar Island
1630;1652;sea;1640;0;
#Dala River
1768;1802;sea;2286;0;
1753;1780;sea;2286;0;
1735;1780;sea;2286;0;
1735;1776;sea;2182;0;
1730;1776;sea;2182;0;
1709;1767;sea;2182;0;
1724;1771;sea;2200;0;
1736;1785;sea;2207;0;
1781;1785;sea;2207;0;
1781;1805;sea;2207;0;
#Eosian Islands
1264;1266;sea;1267;0;
1264;1316;sea;1267;0;
1397;1408;sea;1375;0;
1397;1415;sea;1375;0;
1431;1415;sea;1425;0;
1446;1495;sea;1424;0;
1211;1257;sea;1212;0;
1257;1273;sea;1212;0;
1273;1274;sea;1212;0;
1273;1295;sea;1212;0;
1274;1279;sea;1212;0;
1257;1287;sea;1236;0;
1287;1295;sea;1236;0;
1295;1314;sea;1288;0;
1314;1326;sea;1288;0;
1314;1323;sea;1288;0;
1326;1323;sea;1288;0;
1323;1343;sea;1288;0;
1343;1344;sea;1288;0;
1326;1338;sea;1308;0;
1344;1384;sea;1337;0;
1384;1390;sea;1337;0;
1209;1215;sea;1195;0;
1203;1220;sea;1208;0;
1196;1229;sea;1218;0;
1209;1186;sea;1195;0;
#Valles Marineris Crossings
896;916;sea;846;0;
916;941;sea;846;0;
941;964;sea;846;0;
964;996;sea;974;0;
798;818;sea;799;0;
853;849;sea;827;0;
571;593;sea;581;0;
571;546;sea;548;0;
571;564;sea;548;0;
605;603;sea;573;0;
580;574;sea;573;0;
533;574;sea;548;0;
533;554;sea;548;0;
665;696;sea;684;0;
#Temp Terra Crossings
228;247;sea;225;0;
203;201;sea;206;0;
201;202;sea;144;0;
167;178;sea;146;0;
#Alba Rivers
131;152;sea;141;0;
125;149;sea;141;0;
135;157;sea;148;0;
142;157;sea;148;0;
142;169;sea;165;0;
151;169;sea;165;0;
#Daedalian Rivers
551;579;sea;286;0;
549;583;sea;286;0;
631;661;sea;710;0;
620;662;sea;710;0;
#Daedalian Islands
769;745;sea;748;0;
745;757;sea;748;0;
745;734;sea;650;0;
795;800;sea;748;0;
823;800;sea;748;0;
899;927;sea;797;0;
930;927;sea;797;0;
930;908;sea;854;0;
919;908;sea;854;0;
1054;1067;sea;1018;0;
#Australe Islands
1339;1322;sea;1272;0;
1339;1341;sea;1336;0;
1420;1401;sea;1393;0;
1841;1853;sea;1814;0;
#Aonian Islands
1068;1086;sea;1035;0;
1074;1086;sea;1035;0;
1074;1037;sea;1035;0;
1074;1084;sea;1035;0;
#Celestial Islands
1649;1714;sea;1627;0;
1669;1723;sea;1689;0;
1649;1659;sea;1627;0;
1646;1659;sea;1627;0;
1427;1461;sea;1398;0;
1492;1456;sea;1579;0;
1468;1456;sea;1579;0;
1643;1663;sea;1655;0;
1643;1682;sea;1655;0;
1483;1504;sea;1488;0;
1483;1516;sea;1488;0;
1504;1516;sea;1488;0;
1516;1521;sea;1479;0;
1673;1649;sea;1672;0;
1645;1669;sea;1633;0;
1649;1714;sea;1672;0;
#Elysian Rivers
1679;1687;sea;1754;0;
1710;1727;sea;1754;0;
1364;1362;sea;1348;0;
1364;1377;sea;1348;0;
#Cimmeria Islands
1460;1433;sea;1388;0;
1351;1396;sea;1388;0;
1391;1396;sea;1388;0;
1252;1244;sea;1144;0;
1261;1278;sea;1256;0;
1320;1342;sea;1999;0;
1368;1986;sea;1986;0;
1145;1176;sea;1102;0;
#Hesperia Islands and Rivers
1179;1226;sea;1191;0;
993;1052;sea;966;0;
936;975;sea;966;0;
973;975;sea;966;0;
936;919;sea;850;0;
1888;1924;sea;1890;0;
1930;1924;sea;1890;0;
1948;1924;sea;1890;0;
1944;1924;sea;1890;0;
1925;1912;sea;1890;0;
1925;1931;sea;1890;0;
1925;1930;sea;1890;0;
1888;1883;sea;1834;0;
1854;1883;sea;1834;0;
1848;1855;sea;1325;0;
1848;1876;sea;1325;0;
1840;1855;sea;1325;0;
1840;1848;sea;1325;0;
1828;1848;sea;1325;0;
1711;1741;sea;1681;0;
1772;1741;sea;1765;0;
1790;1741;sea;1765;0;
1790;1800;sea;1762;0;
2031;2053;sea;1942;0;
2052;2053;sea;1811;0;
2089;2053;sea;2048;0;
2052;2021;sea;1811;0;
1992;2021;sea;1811;0;
2084;2120;sea;2097;0;
2139;2100;sea;2097;0;
2204;2241;sea;2239;0;
#### Sea Adjacencies ####
1;200;sea;0;0;
1458;1467;sea;0;0;
1458;1436;sea;0;0;
1458;1507;sea;0;0;
1458;1527;sea;0;0;
1458;1564;sea;0;0;
1421;1436;sea;0;0;
1421;1467;sea;0;0;
1421;1507;sea;0;0;
1421;1459;sea;0;0;
1421;1430;sea;0;0;
1421;1395;sea;0;0;
1595;1564;sea;0;0;
1595;1631;sea;0;0;
1595;1678;sea;0;0;
1315;1395;sea;0;0;
1315;1364;sea;0;0;
1668;1678;sea;0;0;
1668;1710;sea;0;0;
1348;1364;sea;0;0;
1348;1394;sea;0;0;
1348;1362;sea;0;0;
1348;1377;sea;0;0;
1754;1710;sea;0;0;
1754;1727;sea;0;0;
1754;1687;sea;0;0;
1754;1679;sea;0;0;
1754;1635;sea;0;0;
138;1556;sea;0;0;
138;1671;sea;0;0;
138;1439;sea;0;0;
138;1482;sea;0;0;
138;1584;sea;0;0;
138;1540;sea;0;0;
138;1357;sea;0;0;
138;1386;sea;0;0;
138;1600;sea;0;0;
138;1448;sea;0;0;
138;1414;sea;0;0;
138;1471;sea;0;0;
138;1528;sea;0;0;
138;1857;sea;0;0;
138;1874;sea;0;0;
138;1806;sea;0;0;
138;1417;sea;0;0;
138;1662;sea;0;0;
138;1449;sea;0;0;
138;1568;sea;0;0;
138;1622;sea;0;0;
138;1699;sea;0;0;
138;1517;sea;0;0;
138;1656;sea;0;0;
138;1580;sea;0;0;
138;1648;sea;0;0;
138;1486;sea;0;0;
138;1722;sea;0;0;
138;1750;sea;0;0;
138;1828;sea;0;0;
138;1702;sea;0;0;
138;1545;sea;0;0;
138;1824;sea;0;0;
138;1804;sea;0;0;
138;1503;sea;0;0;
138;1774;sea;0;0;
138;1684;sea;0;0;
138;1877;sea;0;0;
138;1623;sea;0;0;
138;993;sea;0;0;
138;1761;sea;0;0;
138;1248;sea;0;0;
138;1233;sea;0;0;
138;1848;sea;0;0;
138;1708;sea;0;0;
138;1797;sea;0;0;
138;1884;sea;0;0;
138;1852;sea;0;0;
138;1557;sea;0;0;
138;1642;sea;0;0;
138;1786;sea;0;0;
138;1822;sea;0;0;
138;1226;sea;0;0;
138;1581;sea;0;0;
138;1832;sea;0;0;
138;1879;sea;0;0;
138;1769;sea;0;0;
138;1733;sea;0;0;
138;1809;sea;0;0;
138;1854;sea;0;0;
138;1692;sea;0;0;
138;1808;sea;0;0;
138;1618;sea;0;0;
138;1674;sea;0;0;
138;1638;sea;0;0;
138;1756;sea;0;0;
138;1591;sea;0;0;
138;1442;sea;0;0;
138;1435;sea;0;0;
138;2031;sea;0;0;
138;1677;sea;0;0;
138;1480;sea;0;0;
138;930;sea;0;0;
138;1453;sea;0;0;
138;2010;sea;0;0;
138;1983;sea;0;0;
138;1907;sea;0;0;
138;2084;sea;0;0;
138;2036;sea;0;0;
138;1481;sea;0;0;
138;1573;sea;0;0;
138;2087;sea;0;0;
138;1510;sea;0;0;
138;1997;sea;0;0;
138;1953;sea;0;0;
138;1624;sea;0;0;
138;1975;sea;0;0;
138;1594;sea;0;0;
138;1910;sea;0;0;
138;1529;sea;0;0;
138;1567;sea;0;0;
138;1939;sea;0;0;
138;1929;sea;0;0;
138;1454;sea;0;0;
138;1506;sea;0;0;
138;2067;sea;0;0;
138;1223;sea;0;0;
138;1244;sea;0;0;
138;1281;sea;0;0;
138;2100;sea;0;0;
138;1216;sea;0;0;
138;1432;sea;0;0;
138;1250;sea;0;0;
138;1271;sea;0;0;
138;817;sea;0;0;
138;1511;sea;0;0;
138;875;sea;0;0;
138;894;sea;0;0;
138;1577;sea;0;0;
138;1613;sea;0;0;
138;910;sea;0;0;
138;1465;sea;0;0;
138;1935;sea;0;0;
138;1993;sea;0;0;
138;2131;sea;0;0;
138;2161;sea;0;0;
138;823;sea;0;0;
138;795;sea;0;0;
138;863;sea;0;0;
138;1205;sea;0;0;
138;1246;sea;0;0;
138;769;sea;0;0;
138;1166;sea;0;0;
138;1156;sea;0;0;
138;1167;sea;0;0;
138;2001;sea;0;0;
138;772;sea;0;0;
138;1137;sea;0;0;
138;1967;sea;0;0;
138;1283;sea;0;0;
138;1318;sea;0;0;
138;758;sea;0;0;
138;2162;sea;0;0;
138;1284;sea;0;0;
138;1309;sea;0;0;
138;1329;sea;0;0;
138;2125;sea;0;0;
138;2104;sea;0;0;
138;819;sea;0;0;
138;1360;sea;0;0;
138;620;sea;0;0;
138;788;sea;0;0;
138;759;sea;0;0;
138;2044;sea;0;0;
138;2078;sea;0;0;
138;860;sea;0;0;
138;2058;sea;0;0;
138;2167;sea;0;0;
138;1331;sea;0;0;
138;2204;sea;0;0;
138;2024;sea;0;0;
138;2196;sea;0;0;
138;2016;sea;0;0;
138;2034;sea;0;0;
138;702;sea;0;0;
138;717;sea;0;0;
138;2228;sea;0;0;
138;1352;sea;0;0;
138;931;sea;0;0;
138;2062;sea;0;0;
138;2085;sea;0;0;
138;2246;sea;0;0;
138;1380;sea;0;0;
138;814;sea;0;0;
138;812;sea;0;0;
138;1046;sea;0;0;
138;1016;sea;0;0;
138;1057;sea;0;0;
138;2183;sea;0;0;
138;2112;sea;0;0;
138;2040;sea;0;0;
138;920;sea;0;0;
138;1604;sea;0;0;
138;1553;sea;0;0;
138;2065;sea;0;0;
138;971;sea;0;0;
138;2250;sea;0;0;
138;1533;sea;0;0;
138;2221;sea;0;0;
138;1578;sea;0;0;
138;1405;sea;0;0;
138;2149;sea;0;0;
138;718;sea;0;0;
138;1143;sea;0;0;
138;1119;sea;0;0;
138;1228;sea;0;0;
138;1290;sea;0;0;
138;1368;sea;0;0;
138;1058;sea;0;0;
138;1085;sea;0;0;
138;1427;sea;0;0;
138;1261;sea;0;0;
138;979;sea;0;0;
138;2075;sea;0;0;
138;2152;sea;0;0;
138;2321;sea;0;0;
138;2181;sea;0;0;
138;867;sea;0;0;
138;937;sea;0;0;
138;1385;sea;0;0;
138;895;sea;0;0;
138;1546;sea;0;0;
138;263;sea;0;0;
138;297;sea;0;0;
138;1294;sea;0;0;
138;1017;sea;0;0;
138;1237;sea;0;0;
138;1174;sea;0;0;
138;967;sea;0;0;
138;1142;sea;0;0;
138;786;sea;0;0;
138;914;sea;0;0;
138;1096;sea;0;0;
138;2133;sea;0;0;
138;1585;sea;0;0;
138;1669;sea;0;0;
138;1296;sea;0;0;
138;773;sea;0;0;
138;1065;sea;0;0;
138;1317;sea;0;0;
138;1514;sea;0;0;
138;2126;sea;0;0;
138;2278;sea;0;0;
138;1101;sea;0;0;
138;1306;sea;0;0;
138;1575;sea;0;0;
138;2195;sea;0;0;
138;292;sea;0;0;
138;1022;sea;0;0;
138;2342;sea;0;0;
138;2349;sea;0;0;
138;268;sea;0;0;
138;796;sea;0;0;
138;1547;sea;0;0;
138;290;sea;0;0;
138;1515;sea;0;0;
138;1610;sea;0;0;
138;843;sea;0;0;
138;1059;sea;0;0;
138;2284;sea;0;0;
138;2307;sea;0;0;
138;2142;sea;0;0;
138;2164;sea;0;0;
138;1127;sea;0;0;
138;1178;sea;0;0;
138;1468;sea;0;0;
138;1383;sea;0;0;
138;1000;sea;0;0;
138;1310;sea;0;0;
138;912;sea;0;0;
138;1551;sea;0;0;
138;2327;sea;0;0;
138;1110;sea;0;0;
138;1412;sea;0;0;
138;2323;sea;0;0;
138;151;sea;0;0;
138;2305;sea;0;0;
138;1608;sea;0;0;
138;2129;sea;0;0;
138;2227;sea;0;0;
138;1040;sea;0;0;
138;2107;sea;0;0;
138;2116;sea;0;0;
138;2346;sea;0;0;
138;1428;sea;0;0;
138;1499;sea;0;0;
138;2144;sea;0;0;
138;1598;sea;0;0;
138;1643;sea;0;0;
138;2101;sea;0;0;
138;2156;sea;0;0;
138;1044;sea;0;0;
138;1076;sea;0;0;
138;1548;sea;0;0;
138;998;sea;0;0;
138;1524;sea;0;0;
138;900;sea;0;0;
138;933;sea;0;0;
138;1268;sea;0;0;
138;876;sea;0;0;
138;1111;sea;0;0;
138;1562;sea;0;0;
138;1234;sea;0;0;
138;1301;sea;0;0;
138;2109;sea;0;0;
138;1241;sea;0;0;
138;2173;sea;0;0;
138;1002;sea;0;0;
138;2258;sea;0;0;
138;2330;sea;0;0;
138;2350;sea;0;0;
138;1285;sea;0;0;
138;1198;sea;0;0;
138;1429;sea;0;0;
138;2153;sea;0;0;
138;1149;sea;0;0;
138;1525;sea;0;0;
138;2134;sea;0;0;
138;2098;sea;0;0;
138;1037;sea;0;0;
138;1061;sea;0;0;
138;877;sea;0;0;
138;913;sea;0;0;
138;1175;sea;0;0;
138;2300;sea;0;0;
138;1084;sea;0;0;
138;1254;sea;0;0;
138;2197;sea;0;0;
138;2339;sea;0;0;
138;2354;sea;0;0;
138;988;sea;0;0;
138;1201;sea;0;0;
138;2375;sea;0;0;
138;1293;sea;0;0;
138;883;sea;0;0;
138;2254;sea;0;0;
138;1734;sea;0;0;
138;1744;sea;0;0;
138;1726;sea;0;0;
138;2336;sea;0;0;
138;2358;sea;0;0;
138;1508;sea;0;0;
138;1260;sea;0;0;
138;2229;sea;0;0;
138;1217;sea;0;0;
138;1199;sea;0;0;
138;1163;sea;0;0;
138;2348;sea;0;0;
138;950;sea;0;0;
138;921;sea;0;0;
138;2333;sea;0;0;
138;2243;sea;0;0;
138;2267;sea;0;0;
138;1027;sea;0;0;
138;1406;sea;0;0;
138;2276;sea;0;0;
138;2316;sea;0;0;
138;989;sea;0;0;
138;1139;sea;0;0;
138;2298;sea;0;0;
138;1469;sea;0;0;
138;1238;sea;0;0;
138;2360;sea;0;0;
138;873;sea;0;0;
138;1335;sea;0;0;
138;906;sea;0;0;
138;1307;sea;0;0;
138;2329;sea;0;0;
138;2351;sea;0;0;
138;2340;sea;0;0;
138;1029;sea;0;0;
138;1265;sea;0;0;
138;1452;sea;0;0;
138;1392;sea;0;0;
138;932;sea;0;0;
138;1542;sea;0;0;
138;361;sea;0;0;
138;2063;sea;0;0;
138;977;sea;0;0;
138;1616;sea;0;0;
138;2054;sea;0;0;
138;1683;sea;0;0;
138;2242;sea;0;0;
138;1123;sea;0;0;
138;1658;sea;0;0;
138;2028;sea;0;0;
138;2325;sea;0;0;
138;1047;sea;0;0;
138;1082;sea;0;0;
138;1538;sea;0;0;
138;2337;sea;0;0;
138;2356;sea;0;0;
138;1513;sea;0;0;
138;2353;sea;0;0;
138;1365;sea;0;0;
138;1151;sea;0;0;
138;1693;sea;0;0;
138;2303;sea;0;0;
138;1358;sea;0;0;
138;2344;sea;0;0;
138;1184;sea;0;0;
138;1982;sea;0;0;
138;1440;sea;0;0;
138;2304;sea;0;0;
138;1088;sea;0;0;
138;2271;sea;0;0;
138;2041;sea;0;0;
138;1041;sea;0;0;
138;1621;sea;0;0;
138;1680;sea;0;0;
138;2328;sea;0;0;
138;1478;sea;0;0;
138;1366;sea;0;0;
138;2037;sea;0;0;
138;2068;sea;0;0;
138;1712;sea;0;0;
138;1940;sea;0;0;
138;1752;sea;0;0;
138;1636;sea;0;0;
138;1933;sea;0;0;
138;2232;sea;0;0;
138;1220;sea;0;0;
138;1473;sea;0;0;
138;1411;sea;0;0;
138;1221;sea;0;0;
138;1958;sea;0;0;
138;1582;sea;0;0;
138;1530;sea;0;0;
138;1764;sea;0;0;
138;1787;sea;0;0;
138;1917;sea;0;0;
138;2199;sea;0;0;
138;2285;sea;0;0;
138;1339;sea;0;0;
138;1033;sea;0;0;
138;2079;sea;0;0;
138;2311;sea;0;0;
138;2042;sea;0;0;
138;2214;sea;0;0;
138;1691;sea;0;0;
138;1720;sea;0;0;
138;2292;sea;0;0;
138;1389;sea;0;0;
138;951;sea;0;0;
138;1609;sea;0;0;
138;915;sea;0;0;
138;1418;sea;0;0;
138;1812;sea;0;0;
138;1981;sea;0;0;
138;2268;sea;0;0;
138;1779;sea;0;0;
138;1951;sea;0;0;
138;2253;sea;0;0;
138;1864;sea;0;0;
138;1927;sea;0;0;
138;1841;sea;0;0;
138;1050;sea;0;0;
138;1457;sea;0;0;
138;1495;sea;0;0;
138;2169;sea;0;0;
138;1833;sea;0;0;
138;1400;sea;0;0;
138;1003;sea;0;0;
138;1793;sea;0;0;
138;2220;sea;0;0;
138;1704;sea;0;0;
138;2020;sea;0;0;
138;1512;sea;0;0;
138;1732;sea;0;0;
138;1984;sea;0;0;
138;1862;sea;0;0;
138;1882;sea;0;0;
138;1904;sea;0;0;
138;1955;sea;0;0;
138;1746;sea;0;0;
138;1565;sea;0;0;
138;1894;sea;0;0;
138;2263;sea;0;0;
138;1650;sea;0;0;
138;1909;sea;0;0;
138;2225;sea;0;0;
138;2148;sea;0;0;
138;1437;sea;0;0;
138;2057;sea;0;0;
138;2140;sea;0;0;
138;1602;sea;0;0;
138;1200;sea;0;0;
138;1484;sea;0;0;
138;1870;sea;0;0;
138;1829;sea;0;0;
138;1964;sea;0;0;
138;2128;sea;0;0;
138;1445;sea;0;0;
138;1651;sea;0;0;
138;1211;sea;0;0;
138;2083;sea;0;0;
138;1185;sea;0;0;
138;2060;sea;0;0;
138;2299;sea;0;0;
138;1500;sea;0;0;
138;1728;sea;0;0;
138;1838;sea;0;0;
138;1994;sea;0;0;
138;1770;sea;0;0;
138;2269;sea;0;0;
138;1908;sea;0;0;
138;1979;sea;0;0;
138;2240;sea;0;0;
138;1700;sea;0;0;
138;1775;sea;0;0;
138;1950;sea;0;0;
138;2216;sea;0;0;
138;2025;sea;0;0;
138;1729;sea;0;0;
138;1501;sea;0;0;
138;1666;sea;0;0;
138;1815;sea;0;0;
138;2012;sea;0;0;
138;2238;sea;0;0;
138;2176;sea;0;0;
138;1605;sea;0;0;
138;2270;sea;0;0;
138;1872;sea;0;0;
138;2159;sea;0;0;
138;1097;sea;0;0;
138;1554;sea;0;0;
138;1789;sea;0;0;
138;1705;sea;0;0;
138;1936;sea;0;0;
138;2209;sea;0;0;
138;1438;sea;0;0;
138;1897;sea;0;0;
138;2045;sea;0;0;
138;1941;sea;0;0;
138;2234;sea;0;0;
138;2295;sea;0;0;
138;1974;sea;0;0;
138;1620;sea;0;0;
138;1485;sea;0;0;
138;1676;sea;0;0;
138;1544;sea;0;0;
138;1987;sea;0;0;
138;2002;sea;0;0;
138;533;sea;0;0;
138;1749;sea;0;0;
138;1911;sea;0;0;
138;1721;sea;0;0;
138;1817;sea;0;0;
138;1768;sea;0;0;
138;1590;sea;0;0;
138;1661;sea;0;0;
138;1866;sea;0;0;
138;1842;sea;0;0;
138;1703;sea;0;0;
138;1753;sea;0;0;
138;1956;sea;0;0;
138;2191;sea;0;0;
138;1090;sea;0;0;
138;1559;sea;0;0;
138;1606;sea;0;0;
138;1937;sea;0;0;
138;1818;sea;0;0;
138;2046;sea;0;0;
138;1920;sea;0;0;
138;1664;sea;0;0;
138;1522;sea;0;0;
138;1717;sea;0;0;
138;2113;sea;0;0;
138;1839;sea;0;0;
138;1867;sea;0;0;
138;1988;sea;0;0;
138;1098;sea;0;0;
138;1496;sea;0;0;
138;1487;sea;0;0;
138;1626;sea;0;0;
138;1803;sea;0;0;
138;1735;sea;0;0;
138;1694;sea;0;0;
138;1960;sea;0;0;
138;1913;sea;0;0;
138;2114;sea;0;0;
138;1895;sea;0;0;
138;2014;sea;0;0;
138;2050;sea;0;0;
138;117;sea;0;0;
138;1923;sea;0;0;
138;2154;sea;0;0;
138;1160;sea;0;0;
138;1597;sea;0;0;
138;1647;sea;0;0;
138;1860;sea;0;0;
138;1539;sea;0;0;
138;2137;sea;0;0;
138;1947;sea;0;0;
138;1826;sea;0;0;
138;1976;sea;0;0;
138;1701;sea;0;0;
138;1730;sea;0;0;
138;2009;sea;0;0;
138;1962;sea;0;0;
138;1906;sea;0;0;
138;1563;sea;0;0;
138;1932;sea;0;0;
138;1397;sea;0;0;
138;2027;sea;0;0;
138;1519;sea;0;0;
138;1810;sea;0;0;
138;1795;sea;0;0;
138;1599;sea;0;0;
138;1837;sea;0;0;
138;1381;sea;0;0;
138;1878;sea;0;0;
138;1667;sea;0;0;
138;1816;sea;0;0;
138;1709;sea;0;0;
138;2077;sea;0;0;
138;1629;sea;0;0;
138;1162;sea;0;0;
138;1767;sea;0;0;
138;1186;sea;0;0;
138;1893;sea;0;0;
138;1685;sea;0;0;
138;2030;sea;0;0;
138;2073;sea;0;0;
138;1593;sea;0;0;
138;1835;sea;0;0;
138;2150;sea;0;0;
138;1861;sea;0;0;
138;1921;sea;0;0;
138;1989;sea;0;0;
138;2177;sea;0;0;
138;1214;sea;0;0;
138;1980;sea;0;0;
138;1196;sea;0;0;
138;1819;sea;0;0;
138;1922;sea;0;0;
138;1961;sea;0;0;
138;1724;sea;0;0;
138;1859;sea;0;0;
138;2013;sea;0;0;
138;1603;sea;0;0;
138;1836;sea;0;0;
138;1938;sea;0;0;
138;1654;sea;0;0;
138;1697;sea;0;0;
138;2132;sea;0;0;
138;210;sea;0;0;
138;1820;sea;0;0;
138;2093;sea;0;0;
138;1736;sea;0;0;
138;1518;sea;0;0;
138;1566;sea;0;0;
138;2069;sea;0;0;
138;611;sea;0;0;
138;634;sea;0;0;
138;1972;sea;0;0;
138;1560;sea;0;0;
138;1785;sea;0;0;
138;2103;sea;0;0;
138;1639;sea;0;0;
138;646;sea;0;0;
138;1886;sea;0;0;
138;1505;sea;0;0;
138;1873;sea;0;0;
138;1934;sea;0;0;
138;1887;sea;0;0;
138;1592;sea;0;0;
138;1696;sea;0;0;
138;1915;sea;0;0;
138;2035;sea;0;0;
138;198;sea;0;0;
138;1637;sea;0;0;
138;1737;sea;0;0;
138;239;sea;0;0;
138;1760;sea;0;0;
138;1781;sea;0;0;
138;205;sea;0;0;
138;227;sea;0;0;
138;1630;sea;0;0;
138;1783;sea;0;0;
138;598;sea;0;0;
138;1113;sea;0;0;
138;1004;sea;0;0;
138;1039;sea;0;0;
138;1062;sea;0;0;
138;862;sea;0;0;
138;211;sea;0;0;
138;963;sea;0;0;
138;803;sea;0;0;
138;1081;sea;0;0;
138;777;sea;0;0;
138;809;sea;0;0;
138;852;sea;0;0;
138;723;sea;0;0;
138;984;sea;0;0;
138;925;sea;0;0;
138;879;sea;0;0;
138;890;sea;0;0;
138;323;sea;0;0;
138;369;sea;0;0;
138;343;sea;0;0;
138;401;sea;0;0;
138;412;sea;0;0;
138;391;sea;0;0;
138;373;sea;0;0;
138;418;sea;0;0;
138;436;sea;0;0;
1276;1362;sea;0;0;
1276;1377;sea;0;0;
1276;1409;sea;0;0;
1757;1727;sea;0;0;
1757;1731;sea;0;0;
1350;1409;sea;0;0;
1350;1434;sea;0;0;
1350;1463;sea;0;0;
1350;1498;sea;0;0;
1698;1731;sea;0;0;
1698;1715;sea;0;0;
1698;1671;sea;0;0;
1450;1498;sea;0;0;
1450;1526;sea;0;0;
1450;1569;sea;0;0;
1583;1671;sea;0;0;
1583;1569;sea;0;0;
1583;1617;sea;0;0;
1762;1800;sea;0;0;
1762;1790;sea;0;0;
1762;1845;sea;0;0;
1762;1821;sea;0;0;
1363;1439;sea;0;0;
1491;1439;sea;0;0;
1491;1482;sea;0;0;
1491;1540;sea;0;0;
1367;1439;sea;0;0;
1367;1357;sea;0;0;
1367;1448;sea;0;0;
1367;1386;sea;0;0;
1367;1414;sea;0;0;
1572;1632;sea;0;0;
1572;1584;sea;0;0;
1572;1540;sea;0;0;
1765;1790;sea;0;0;
1765;1772;sea;0;0;
1765;1741;sea;0;0;
1765;1821;sea;0;0;
1765;1806;sea;0;0;
1765;1773;sea;0;0;
1843;1845;sea;0;0;
1843;1874;sea;0;0;
1619;1632;sea;0;0;
1619;1584;sea;0;0;
1619;1600;sea;0;0;
1619;1662;sea;0;0;
1619;1622;sea;0;0;
858;1072;sea;0;0;
1094;1072;sea;0;0;
1706;1772;sea;0;0;
1681;1632;sea;0;0;
1681;1741;sea;0;0;
1681;1711;sea;0;0;
1255;1357;sea;0;0;
1255;1345;sea;0;0;
1966;1874;sea;0;0;
1966;1876;sea;0;0;
1966;1848;sea;0;0;
1725;1741;sea;0;0;
1725;1711;sea;0;0;
1725;1773;sea;0;0;
1725;1699;sea;0;0;
1725;1796;sea;0;0;
1725;1722;sea;0;0;
1725;1777;sea;0;0;
1334;1386;sea;0;0;
1334;1417;sea;0;0;
1334;1345;sea;0;0;
1334;1449;sea;0;0;
1334;1407;sea;0;0;
1334;1355;sea;0;0;
1537;1345;sea;0;0;
15;1449;sea;0;0;
15;1486;sea;0;0;
15;1407;sea;0;0;
15;1503;sea;0;0;
15;1404;sea;0;0;
15;1451;sea;0;0;
15;1541;sea;0;0;
15;1442;sea;0;0;
1325;1813;sea;0;0;
1325;1840;sea;0;0;
1325;1876;sea;0;0;
1325;1848;sea;0;0;
1325;1804;sea;0;0;
1325;1855;sea;0;0;
1325;1828;sea;0;0;
832;955;sea;0;0;
832;993;sea;0;0;
1243;1292;sea;0;0;
1243;1233;sea;0;0;
1243;1248;sea;0;0;
1243;1226;sea;0;0;
1863;1848;sea;0;0;
1863;1877;sea;0;0;
1863;1884;sea;0;0;
1863;1914;sea;0;0;
1863;1879;sea;0;0;
#1863;1899;sea;0;0;
1863;1944;sea;0;0;
1191;1233;sea;0;0;
1191;1248;sea;0;0;
1191;1179;sea;0;0;
1191;1226;sea;0;0;
1330;1355;sea;0;0;
1330;1407;sea;0;0;
1330;1404;sea;0;0;
1330;1399;sea;0;0;
1330;1321;sea;0;0;
1330;1410;sea;0;0;
1028;1052;sea;0;0;
966;1052;sea;0;0;
966;993;sea;0;0;
966;936;sea;0;0;
966;975;sea;0;0;
966;973;sea;0;0;
966;1043;sea;0;0;
850;936;sea;0;0;
850;955;sea;0;0;
850;919;sea;0;0;
854;975;sea;0;0;
854;919;sea;0;0;
854;973;sea;0;0;
854;908;sea;0;0;
854;930;sea;0;0;
1134;1226;sea;0;0;
1134;1239;sea;0;0;
1134;1240;sea;0;0;
1134;1131;sea;0;0;
2048;2089;sea;0;0;
2048;2053;sea;0;0;
2048;2031;sea;0;0;
2048;2036;sea;0;0;
2048;2084;sea;0;0;
2048;1997;sea;0;0;
2048;2087;sea;0;0;
2048;2043;sea;0;0;
1811;2052;sea;0;0;
1811;2021;sea;0;0;
1811;1992;sea;0;0;
1811;2053;sea;0;0;
1707;1786;sea;0;0;
1707;1809;sea;0;0;
1707;1769;sea;0;0;
1707;1808;sea;0;0;
1707;1756;sea;0;0;
1707;1719;sea;0;0;
1707;1674;sea;0;0;
1707;1827;sea;0;0;
1707;1677;sea;0;0;
1707;1738;sea;0;0;
1707;1742;sea;0;0;
1942;1944;sea;0;0;
1942;1992;sea;0;0;
1942;1948;sea;0;0;
1942;2021;sea;0;0;
1942;2053;sea;0;0;
1942;1930;sea;0;0;
1942;2031;sea;0;0;
1942;1925;sea;0;0;
1942;1983;sea;0;0;
1942;2010;sea;0;0;
1942;1931;sea;0;0;
1942;1953;sea;0;0;
1942;1975;sea;0;0;
945;975;sea;0;0;
945;973;sea;0;0;
945;1043;sea;0;0;
945;930;sea;0;0;
945;952;sea;0;0;
945;985;sea;0;0;
945;1026;sea;0;0;
1472;1541;sea;0;0;
1472;1543;sea;0;0;
1472;1442;sea;0;0;
1472;1561;sea;0;0;
1472;1591;sea;0;0;
1472;1480;sea;0;0;
1472;1638;sea;0;0;
1472;1520;sea;0;0;
1472;1677;sea;0;0;
1472;1453;sea;0;0;
1472;1573;sea;0;0;
1472;1481;sea;0;0;
1472;1510;sea;0;0;
1472;1624;sea;0;0;
1890;1944;sea;0;0;
1890;1948;sea;0;0;
1890;1899;sea;0;0;
1890;1924;sea;0;0;
1890;1888;sea;0;0;
1890;1930;sea;0;0;
1890;1925;sea;0;0;
1890;1912;sea;0;0;
1890;1865;sea;0;0;
1890;1885;sea;0;0;
1890;1931;sea;0;0;
1890;1907;sea;0;0;
1251;1282;sea;0;0;
1251;1321;sea;0;0;
1251;1300;sea;0;0;
1251;1289;sea;0;0;
1251;1244;sea;0;0;
1251;1281;sea;0;0;
1834;1832;sea;0;0;
1834;1899;sea;0;0;
1834;1854;sea;0;0;
1834;1827;sea;0;0;
1834;1888;sea;0;0;
1834;1883;sea;0;0;
1834;1865;sea;0;0;
1834;1849;sea;0;0;
1036;1043;sea;0;0;
1036;1026;sea;0;0;
1304;1321;sea;0;0;
1304;1346;sea;0;0;
1304;1300;sea;0;0;
1304;1289;sea;0;0;
1304;1281;sea;0;0;
1370;1410;sea;0;0;
1370;1442;sea;0;0;
1370;1435;sea;0;0;
1370;1453;sea;0;0;
1370;1454;sea;0;0;
1370;1387;sea;0;0;
1370;1432;sea;0;0;
1370;1403;sea;0;0;
1611;1677;sea;0;0;
1611;1738;sea;0;0;
1611;1742;sea;0;0;
1611;1624;sea;0;0;
1611;1594;sea;0;0;
1611;1613;sea;0;0;
1611;1567;sea;0;0;
1611;1577;sea;0;0;
1611;1625;sea;0;0;
1611;1686;sea;0;0;
1611;1739;sea;0;0;
1611;1778;sea;0;0;
797;930;sea;0;0;
797;927;sea;0;0;
797;899;sea;0;0;
797;866;sea;0;0;
1018;1026;sea;0;0;
1018;985;sea;0;0;
1018;1067;sea;0;0;
1018;1008;sea;0;0;
1018;1054;sea;0;0;
1144;1240;sea;0;0;
1144;1131;sea;0;0;
1144;1252;sea;0;0;
1144;1223;sea;0;0;
1144;1244;sea;0;0;
1070;1131;sea;0;0;
1070;1054;sea;0;0;
1070;1089;sea;0;0;
2151;2120;sea;0;0;
2097;2120;sea;0;0;
2097;2084;sea;0;0;
2097;2087;sea;0;0;
2097;2100;sea;0;0;
2097;2139;sea;0;0;
2097;2161;sea;0;0;
2097;2171;sea;0;0;
2097;2131;sea;0;0;
1782;1849;sea;0;0;
1782;1850;sea;0;0;
1009;1008;sea;0;0;
1009;986;sea;0;0;
1009;1054;sea;0;0;
893;899;sea;0;0;
893;866;sea;0;0;
893;928;sea;0;0;
893;894;sea;0;0;
728;866;sea;0;0;
728;817;sea;0;0;
1792;1850;sea;0;0;
1792;1910;sea;0;0;
1792;1881;sea;0;0;
1792;1929;sea;0;0;
1792;1823;sea;0;0;
1792;1935;sea;0;0;
1792;1900;sea;0;0;
1792;1916;sea;0;0;
1792;1807;sea;0;0;
1141;1223;sea;0;0;
1141;1216;sea;0;0;
1141;1180;sea;0;0;
1141;1150;sea;0;0;
1141;1166;sea;0;0;
1141;1156;sea;0;0;
1305;1387;sea;0;0;
1305;1281;sea;0;0;
1305;1403;sea;0;0;
1305;1271;sea;0;0;
1305;1347;sea;0;0;
1305;1351;sea;0;0;
1305;1283;sea;0;0;
1305;1318;sea;0;0;
1305;1329;sea;0;0;
1305;1360;sea;0;0;
1305;1309;sea;0;0;
23;79;sea;0;0;
23;64;sea;0;0;
23;86;sea;0;0;
23;51;sea;0;0;
23;80;sea;0;0;
23;58;sea;0;0;
650;734;sea;0;0;
650;757;sea;0;0;
650;745;sea;0;0;
650;691;sea;0;0;
650;661;sea;0;0;
1056;1089;sea;0;0;
1056;1150;sea;0;0;
1056;1055;sea;0;0;
1056;1107;sea;0;0;
1056;1156;sea;0;0;
1056;1137;sea;0;0;
1971;1939;sea;0;0;
1971;1975;sea;0;0;
1971;1949;sea;0;0;
1971;1978;sea;0;0;
1971;1977;sea;0;0;
1971;1967;sea;0;0;
1971;1946;sea;0;0;
1971;1968;sea;0;0;
978;961;sea;0;0;
978;986;sea;0;0;
978;935;sea;0;0;
978;968;sea;0;0;
978;1055;sea;0;0;
978;1032;sea;0;0;
748;757;sea;0;0;
748;817;sea;0;0;
748;800;sea;0;0;
748;823;sea;0;0;
748;745;sea;0;0;
748;795;sea;0;0;
748;769;sea;0;0;
748;714;sea;0;0;
748;691;sea;0;0;
748;758;sea;0;0;
748;681;sea;0;0;
748;732;sea;0;0;
2074;2100;sea;0;0;
2074;2067;sea;0;0;
2074;2131;sea;0;0;
2074;2102;sea;0;0;
2074;2070;sea;0;0;
2189;2171;sea;0;0;
2189;2194;sea;0;0;
2032;2029;sea;0;0;
2032;2043;sea;0;0;
2032;2067;sea;0;0;
2032;2070;sea;0;0;
2032;2018;sea;0;0;
2032;2039;sea;0;0;
1388;1432;sea;0;0;
1388;1403;sea;0;0;
1388;1465;sea;0;0;
1388;1443;sea;0;0;
1388;1460;sea;0;0;
1388;1351;sea;0;0;
1388;1396;sea;0;0;
1388;1391;sea;0;0;
1388;1504;sea;0;0;
1388;1360;sea;0;0;
313;312;sea;0;0;
160;312;sea;0;0;
160;275;sea;0;0;
344;312;sea;0;0;
344;352;sea;0;0;
344;365;sea;0;0;
1479;1465;sea;0;0;
1479;1511;sea;0;0;
1479;1577;sea;0;0;
1479;1613;sea;0;0;
1479;1596;sea;0;0;
1479;1521;sea;0;0;
1479;1587;sea;0;0;
1479;1504;sea;0;0;
1479;1516;sea;0;0;
1479;1549;sea;0;0;
1798;1916;sea;0;0;
1798;1935;sea;0;0;
1798;1900;sea;0;0;
1798;1919;sea;0;0;
1798;1891;sea;0;0;
1798;1946;sea;0;0;
1798;1807;sea;0;0;
1798;1928;sea;0;0;
1550;1613;sea;0;0;
1550;1625;sea;0;0;
1550;1596;sea;0;0;
1550;1587;sea;0;0;
1550;1549;sea;0;0;
1550;1612;sea;0;0;
1550;1646;sea;0;0;
1550;1659;sea;0;0;
1550;1553;sea;0;0;
1550;1604;sea;0;0;
1550;1649;sea;0;0;
1657;1686;sea;0;0;
1657;1625;sea;0;0;
1657;1675;sea;0;0;
1657;1739;sea;0;0;
1657;1778;sea;0;0;
1657;1743;sea;0;0;
1657;1716;sea;0;0;
1657;1646;sea;0;0;
1657;1659;sea;0;0;
1657;1713;sea;0;0;
1657;1649;sea;0;0;
553;631;sea;0;0;
553;612;sea;0;0;
553;583;sea;0;0;
710;631;sea;0;0;
710;661;sea;0;0;
710;662;sea;0;0;
710;620;sea;0;0;
710;654;sea;0;0;
710;627;sea;0;0;
1021;1107;sea;0;0;
1021;1032;sea;0;0;
1021;1092;sea;0;0;
1021;1013;sea;0;0;
1183;1205;sea;0;0;
1183;1167;sea;0;0;
1183;1176;sea;0;0;
2019;2018;sea;0;0;
2019;2001;sea;0;0;
2019;2039;sea;0;0;
2019;2033;sea;0;0;
2019;2024;sea;0;0;
1249;1246;sea;0;0;
1249;1205;sea;0;0;
1249;1283;sea;0;0;
1249;1284;sea;0;0;
1249;1262;sea;0;0;
1249;1277;sea;0;0;
109;275;sea;0;0;
109;262;sea;0;0;
109;248;sea;0;0;
109;249;sea;0;0;
109;258;sea;0;0;
2218;2194;sea;0;0;
2218;2203;sea;0;0;
2218;2204;sea;0;0;
2218;2241;sea;0;0;
1102;1137;sea;0;0;
1102;1107;sea;0;0;
1102;1167;sea;0;0;
1102;1092;sea;0;0;
1102;1176;sea;0;0;
1102;1145;sea;0;0;
1102;1117;sea;0;0;
940;968;sea;0;0;
940;917;sea;0;0;
940;1013;sea;0;0;
940;931;sea;0;0;
940;994;sea;0;0;
940;971;sea;0;0;
940;1016;sea;0;0;
454;661;sea;0;0;
329;365;sea;0;0;
329;353;sea;0;0;
329;448;sea;0;0;
329;342;sea;0;0;
329;434;sea;0;0;
329;411;sea;0;0;
329;324;sea;0;0;
329;297;sea;0;0;
329;314;sea;0;0;
329;410;sea;0;0;
329;366;sea;0;0;
329;390;sea;0;0;
450;549;sea;0;0;
450;448;sea;0;0;
450;535;sea;0;0;
450;518;sea;0;0;
450;472;sea;0;0;
450;514;sea;0;0;
450;498;sea;0;0;
286;583;sea;0;0;
286;549;sea;0;0;
286;579;sea;0;0;
286;551;sea;0;0;
286;565;sea;0;0;
1488;1504;sea;0;0;
1488;1516;sea;0;0;
1488;1483;sea;0;0;
1488;1553;sea;0;0;
1488;1532;sea;0;0;
1488;1477;sea;0;0;
1488;1533;sea;0;0;
1943;1946;sea;0;0;
1943;1968;sea;0;0;
1943;2001;sea;0;0;
1943;2024;sea;0;0;
1943;2011;sea;0;0;
1943;2016;sea;0;0;
1943;2007;sea;0;0;
1747;1801;sea;0;0;
1398;1483;sea;0;0;
1398;1360;sea;0;0;
1398;1371;sea;0;0;
1398;1380;sea;0;0;
1398;1405;sea;0;0;
1398;1461;sea;0;0;
1398;1427;sea;0;0;
1398;1477;sea;0;0;
1034;1092;sea;0;0;
1034;1013;sea;0;0;
1034;1046;sea;0;0;
1034;1117;sea;0;0;
1034;1057;sea;0;0;
1256;1309;sea;0;0;
1256;1277;sea;0;0;
1256;1313;sea;0;0;
1256;1262;sea;0;0;
1256;1299;sea;0;0;
1256;1278;sea;0;0;
1256;1290;sea;0;0;
1256;1228;sea;0;0;
1256;1261;sea;0;0;
1171;1176;sea;0;0;
1171;1145;sea;0;0;
1171;1228;sea;0;0;
1171;1193;sea;0;0;
1171;1143;sea;0;0;
1171;1174;sea;0;0;
2239;2241;sea;0;0;
2239;2204;sea;0;0;
2239;2228;sea;0;0;
2239;2246;sea;0;0;
2239;2266;sea;0;0;
1672;1713;sea;0;0;
1672;1649;sea;0;0;
1672;1714;sea;0;0;
1672;1673;sea;0;0;
1672;1615;sea;0;0;
1672;1627;sea;0;0;
1093;1145;sea;0;0;
1093;1117;sea;0;0;
1093;1057;sea;0;0;
1093;1143;sea;0;0;
1093;1119;sea;0;0;
1093;1085;sea;0;0;
1986;1313;sea;0;0;
1986;1331;sea;0;0;
1986;1352;sea;0;0;
1986;1299;sea;0;0;
1986;1380;sea;0;0;
1986;1290;sea;0;0;
1986;1342;sea;0;0;
1986;1320;sea;0;0;
1986;1368;sea;0;0;
1986;1405;sea;0;0;
1986;1385;sea;0;0;
1986;1294;sea;0;0;
1986;1356;sea;0;0;
2283;2266;sea;0;0;
2283;2296;sea;0;0;
2283;2301;sea;0;0;
2283;2321;sea;0;0;
1965;2034;sea;0;0;
1965;2016;sea;0;0;
1965;2040;sea;0;0;
2233;2246;sea;0;0;
2233;2250;sea;0;0;
2233;2228;sea;0;0;
2233;2221;sea;0;0;
2233;2244;sea;0;0;
2233;2235;sea;0;0;
2233;2181;sea;0;0;
1181;1228;sea;0;0;
1181;1174;sea;0;0;
1181;1237;sea;0;0;
1181;1142;sea;0;0;
1181;1259;sea;0;0;
1181;1178;sea;0;0;
147;258;sea;0;0;
147;263;sea;0;0;
147;267;sea;0;0;
147;130;sea;0;0;
147;268;sea;0;0;
147;151;sea;0;0;
147;272;sea;0;0;
147;290;sea;0;0;
147;169;sea;0;0;
147;187;sea;0;0;
147;264;sea;0;0;
147;193;sea;0;0;
147;222;sea;0;0;
2022;2040;sea;0;0;
2022;2065;sea;0;0;
2022;2075;sea;0;0;
2022;2106;sea;0;0;
2022;2133;sea;0;0;
2022;2126;sea;0;0;
2022;2129;sea;0;0;
2022;2107;sea;0;0;
1999;1320;sea;0;0;
1999;1342;sea;0;0;
1999;1294;sea;0;0;
1999;1356;sea;0;0;
1999;1317;sea;0;0;
1999;1306;sea;0;0;
1999;1332;sea;0;0;
1689;1673;sea;0;0;
1689;1745;sea;0;0;
1689;1669;sea;0;0;
1689;1755;sea;0;0;
1689;1723;sea;0;0;
1579;1427;sea;0;0;
1579;1477;sea;0;0;
1579;1546;sea;0;0;
1579;1492;sea;0;0;
1579;1456;sea;0;0;
1579;1514;sea;0;0;
1579;1413;sea;0;0;
1579;1412;sea;0;0;
1579;1468;sea;0;0;
1579;1515;sea;0;0;
2331;2321;sea;0;0;
2331;2341;sea;0;0;
1378;1405;sea;0;0;
1378;1427;sea;0;0;
1378;1385;sea;0;0;
1378;1356;sea;0;0;
1378;1368;sea;0;0;
1378;1456;sea;0;0;
1378;1383;sea;0;0;
1378;1413;sea;0;0;
1633;1627;sea;0;0;
1633;1673;sea;0;0;
1633;1669;sea;0;0;
1633;1585;sea;0;0;
1633;1645;sea;0;0;
1633;1575;sea;0;0;
2202;2181;sea;0;0;
2202;2235;sea;0;0;
2202;2168;sea;0;0;
2202;2195;sea;0;0;
2202;2237;sea;0;0;
2202;2222;sea;0;0;
1247;1259;sea;0;0;
1247;1294;sea;0;0;
1247;1296;sea;0;0;
1247;1306;sea;0;0;
1247;1291;sea;0;0;
1247;1268;sea;0;0;
1247;1234;sea;0;0;
1670;1669;sea;0;0;
1670;1645;sea;0;0;
1670;1610;sea;0;0;
1670;1608;sea;0;0;
1670;1682;sea;0;0;
40;130;sea;0;0;
40;95;sea;0;0;
40;83;sea;0;0;
40;65;sea;0;0;
2352;2341;sea;0;0;
2352;2349;sea;0;0;
2352;2364;sea;0;0;
17;65;sea;0;0;
17;45;sea;0;0;
17;36;sea;0;0;
1165;1178;sea;0;0;
1165;1110;sea;0;0;
1165;1234;sea;0;0;
1165;1189;sea;0;0;
1165;1111;sea;0;0;
165;151;sea;0;0;
165;169;sea;0;0;
165;142;sea;0;0;
165;157;sea;0;0;
2362;2349;sea;0;0;
2362;2355;sea;0;0;
2362;2374;sea;0;0;
2362;2350;sea;0;0;
2362;2354;sea;0;0;
1655;1608;sea;0;0;
1655;1643;sea;0;0;
1655;1682;sea;0;0;
1655;1663;sea;0;0;
1100;1040;sea;0;0;
1100;1110;sea;0;0;
1100;1076;sea;0;0;
1100;1111;sea;0;0;
541;36;sea;0;0;
541;35;sea;0;0;
541;28;sea;0;0;
541;32;sea;0;0;
2026;2107;sea;0;0;
2026;2116;sea;0;0;
2026;2101;sea;0;0;
2026;2109;sea;0;0;
2026;2108;sea;0;0;
2026;2098;sea;0;0;
148;157;sea;0;0;
148;142;sea;0;0;
148;135;sea;0;0;
148;139;sea;0;0;
1588;1598;sea;0;0;
1588;1643;sea;0;0;
1588;1562;sea;0;0;
1588;1525;sea;0;0;
1588;1576;sea;0;0;
1103;1104;sea;0;0;
1103;1111;sea;0;0;
1103;1149;sea;0;0;
1103;1061;sea;0;0;
1103;1128;sea;0;0;
1103;1084;sea;0;0;
2361;2354;sea;0;0;
2361;2375;sea;0;0;
2361;2363;sea;0;0;
2361;2358;sea;0;0;
2361;2372;sea;0;0;
2361;2360;sea;0;0;
2361;2367;sea;0;0;
2377;2375;sea;0;0;
2377;2372;sea;0;0;
2377;2373;sea;0;0;
1628;1734;sea;0;0;
1628;1726;sea;0;0;
1628;1744;sea;0;0;
1628;1576;sea;0;0;
1628;1589;sea;0;0;
1628;1634;sea;0;0;
1035;1084;sea;0;0;
1035;1128;sea;0;0;
1035;1037;sea;0;0;
1035;988;sea;0;0;
1035;1139;sea;0;0;
1035;1074;sea;0;0;
1035;1027;sea;0;0;
1035;1086;sea;0;0;
1035;1114;sea;0;0;
1035;1068;sea;0;0;
13;32;sea;0;0;
13;33;sea;0;0;
13;29;sea;0;0;
13;30;sea;0;0;
13;26;sea;0;0;
13;27;sea;0;0;
2008;2098;sea;0;0;
2008;2105;sea;0;0;
2008;2086;sea;0;0;
2008;2056;sea;0;0;
2008;2063;sea;0;0;
2123;2145;sea;0;0;
2123;2105;sea;0;0;
2123;2165;sea;0;0;
2123;2086;sea;0;0;
2123;2184;sea;0;0;
2123;2187;sea;0;0;
2117;2086;sea;0;0;
2117;2096;sea;0;0;
2117;2187;sea;0;0;
2117;2121;sea;0;0;
2117;2157;sea;0;0;
1124;1114;sea;0;0;
1124;1122;sea;0;0;
1985;2056;sea;0;0;
1985;2028;sea;0;0;
1985;2063;sea;0;0;
1985;2023;sea;0;0;
1985;1982;sea;0;0;
1985;2005;sea;0;0;
1148;1122;sea;0;0;
1148;1163;sea;0;0;
1148;1177;sea;0;0;
1172;1199;sea;0;0;
1172;1238;sea;0;0;
1172;1177;sea;0;0;
1172;1235;sea;0;0;
1172;1265;sea;0;0;
1172;1263;sea;0;0;
1172;1122;sea;0;0;
1172;1123;sea;0;0;
1172;1253;sea;0;0;
1172;1151;sea;0;0;
1172;1184;sea;0;0;
2365;2360;sea;0;0;
2365;2367;sea;0;0;
2365;2351;sea;0;0;
2365;2356;sea;0;0;
2365;2368;sea;0;0;
382;1634;sea;0;0;
382;1683;sea;0;0;
382;1693;sea;0;0;
2366;2367;sea;0;0;
2366;2373;sea;0;0;
2366;2368;sea;0;0;
2366;2356;sea;0;0;
1208;1263;sea;0;0;
1208;1298;sea;0;0;
1208;1253;sea;0;0;
1208;1270;sea;0;0;
1208;1203;sea;0;0;
1208;1220;sea;0;0;
1902;1982;sea;0;0;
1902;1952;sea;0;0;
2066;2096;sea;0;0;
2066;2081;sea;0;0;
2066;2121;sea;0;0;
2066;2088;sea;0;0;
2066;2055;sea;0;0;
2066;2041;sea;0;0;
2066;2068;sea;0;0;
2003;2028;sea;0;0;
2003;2005;sea;0;0;
2003;2055;sea;0;0;
2003;2000;sea;0;0;
2003;2041;sea;0;0;
2371;2373;sea;0;0;
1108;1082;sea;0;0;
1108;1123;sea;0;0;
1108;1088;sea;0;0;
1108;1151;sea;0;0;
1108;1112;sea;0;0;
1963;1982;sea;0;0;
1963;1952;sea;0;0;
1963;2000;sea;0;0;
1963;1940;sea;0;0;
1963;1998;sea;0;0;
1963;1958;sea;0;0;
1963;1981;sea;0;0;
1311;1307;sea;0;0;
1311;1335;sea;0;0;
1311;1298;sea;0;0;
1311;1339;sea;0;0;
1690;1693;sea;0;0;
1690;1712;sea;0;0;
1690;1680;sea;0;0;
1690;1691;sea;0;0;
1690;1636;sea;0;0;
2345;2353;sea;0;0;
2345;2356;sea;0;0;
2345;2344;sea;0;0;
2345;2334;sea;0;0;
1653;2000;sea;0;0;
1653;2041;sea;0;0;
1653;2037;sea;0;0;
1653;1998;sea;0;0;
1653;2042;sea;0;0;
1653;2017;sea;0;0;
1653;1981;sea;0;0;
1653;1984;sea;0;0;
1272;1270;sea;0;0;
1272;1339;sea;0;0;
1272;1322;sea;0;0;
1272;1286;sea;0;0;
1138;1184;sea;0;0;
1138;1151;sea;0;0;
1138;1203;sea;0;0;
1138;1112;sea;0;0;
1138;1220;sea;0;0;
1138;1221;sea;0;0;
1138;1091;sea;0;0;
1740;1712;sea;0;0;
1740;1752;sea;0;0;
1740;1787;sea;0;0;
1740;1764;sea;0;0;
1868;1952;sea;0;0;
1868;1940;sea;0;0;
1868;1892;sea;0;0;
1868;1917;sea;0;0;
1868;1933;sea;0;0;
1868;1903;sea;0;0;
1868;1864;sea;0;0;
1868;1896;sea;0;0;
1868;1882;sea;0;0;
1868;1904;sea;0;0;
14;27;sea;0;0;
14;31;sea;0;0;
14;34;sea;0;0;
14;41;sea;0;0;
14;42;sea;0;0;
1336;1339;sea;0;0;
1336;1366;sea;0;0;
1336;1389;sea;0;0;
1336;1341;sea;0;0;
1748;1752;sea;0;0;
1748;1764;sea;0;0;
1748;1718;sea;0;0;
1748;1720;sea;0;0;
1748;1746;sea;0;0;
1814;1853;sea;0;0;
1814;1864;sea;0;0;
1814;1841;sea;0;0;
1814;1787;sea;0;0;
1814;1812;sea;0;0;
2317;2328;sea;0;0;
2317;2334;sea;0;0;
2317;2311;sea;0;0;
2317;2292;sea;0;0;
2317;2299;sea;0;0;
1045;1033;sea;0;0;
1045;1091;sea;0;0;
1045;1050;sea;0;0;
1045;1006;sea;0;0;
1168;1221;sea;0;0;
1168;1182;sea;0;0;
1168;1200;sea;0;0;
987;953;sea;0;0;
987;951;sea;0;0;
987;999;sea;0;0;
987;1033;sea;0;0;
987;1006;sea;0;0;
1236;1220;sea;0;0;
1236;1221;sea;0;0;
1236;1286;sea;0;0;
1236;1287;sea;0;0;
1236;1200;sea;0;0;
1236;1211;sea;0;0;
1236;1257;sea;0;0;
1236;1295;sea;0;0;
1079;1050;sea;0;0;
1079;1118;sea;0;0;
1079;1071;sea;0;0;
1079;1105;sea;0;0;
1079;1135;sea;0;0;
1308;1341;sea;0;0;
1308;1349;sea;0;0;
1308;1326;sea;0;0;
1308;1338;sea;0;0;
1308;1343;sea;0;0;
1132;1118;sea;0;0;
1132;1182;sea;0;0;
1132;1135;sea;0;0;
1359;1389;sea;0;0;
1359;1400;sea;0;0;
1359;1437;sea;0;0;
1359;1420;sea;0;0;
1359;1445;sea;0;0;
1359;1382;sea;0;0;
1359;1401;sea;0;0;
1129;1135;sea;0;0;
1129;1105;sea;0;0;
1129;1185;sea;0;0;
1129;1109;sea;0;0;
1129;1190;sea;0;0;
1129;1140;sea;0;0;
1129;1154;sea;0;0;
2215;2175;sea;0;0;
2215;2225;sea;0;0;
2215;2176;sea;0;0;
2215;2216;sea;0;0;
2215;2209;sea;0;0;
1212;1257;sea;0;0;
1212;1211;sea;0;0;
1212;1295;sea;0;0;
1212;1273;sea;0;0;
1212;1185;sea;0;0;
1212;1274;sea;0;0;
1212;1224;sea;0;0;
1212;1279;sea;0;0;
1212;1190;sea;0;0;
2302;2299;sea;0;0;
2302;2295;sea;0;0;
2302;2314;sea;0;0;
1288;1295;sea;0;0;
1288;1314;sea;0;0;
1288;1326;sea;0;0;
1288;1323;sea;0;0;
1288;1343;sea;0;0;
1288;1344;sea;0;0;
1474;1445;sea;0;0;
1474;1500;sea;0;0;
1474;1464;sea;0;0;
1474;1501;sea;0;0;
1474;1423;sea;0;0;
1474;1438;sea;0;0;
1393;1420;sea;0;0;
1393;1401;sea;0;0;
1393;1423;sea;0;0;
1393;1438;sea;0;0;
18;42;sea;0;0;
18;50;sea;0;0;
18;60;sea;0;0;
2136;2130;sea;0;0;
2136;2159;sea;0;0;
2136;2111;sea;0;0;
2275;2295;sea;0;0;
2275;2270;sea;0;0;
2275;2293;sea;0;0;
2275;2259;sea;0;0;
2205;2176;sea;0;0;
2205;2209;sea;0;0;
2205;2143;sea;0;0;
2205;2191;sea;0;0;
1337;1344;sea;0;0;
1337;1384;sea;0;0;
1337;1390;sea;0;0;
1194;1190;sea;0;0;
1194;1154;sea;0;0;
1194;1231;sea;0;0;
1194;1187;sea;0;0;
141;134;sea;0;0;
141;125;sea;0;0;
141;149;sea;0;0;
141;131;sea;0;0;
141;152;sea;0;0;
141;117;sea;0;0;
1416;1438;sea;0;0;
1416;1485;sea;0;0;
1416;1487;sea;0;0;
2280;1789;sea;0;0;
2280;1817;sea;0;0;
2280;1768;sea;0;0;
2280;1818;sea;0;0;
2280;1802;sea;0;0;
573;533;sea;0;0;
573;580;sea;0;0;
573;574;sea;0;0;
573;605;sea;0;0;
573;603;sea;0;0;
573;586;sea;0;0;
548;533;sea;0;0;
548;574;sea;0;0;
548;554;sea;0;0;
548;530;sea;0;0;
548;586;sea;0;0;
548;546;sea;0;0;
548;564;sea;0;0;
548;571;sea;0;0;
1146;1120;sea;0;0;
1146;1154;sea;0;0;
1146;1164;sea;0;0;
1146;1157;sea;0;0;
1146;1090;sea;0;0;
1146;1136;sea;0;0;
2219;2238;sea;0;0;
2219;2259;sea;0;0;
2219;2234;sea;0;0;
2219;2191;sea;0;0;
1374;1384;sea;0;0;
1374;1390;sea;0;0;
1374;1415;sea;0;0;
1374;1379;sea;0;0;
1169;1164;sea;0;0;
1169;1154;sea;0;0;
1169;1187;sea;0;0;
1169;1157;sea;0;0;
1169;1161;sea;0;0;
2185;2143;sea;0;0;
2185;2191;sea;0;0;
2185;2172;sea;0;0;
2185;2192;sea;0;0;
2185;2154;sea;0;0;
2286;1768;sea;0;0;
2286;1802;sea;0;0;
2286;1753;sea;0;0;
2286;1780;sea;0;0;
2286;1735;sea;0;0;
43;60;sea;0;0;
43;85;sea;0;0;
43;104;sea;0;0;
43;118;sea;0;0;
1425;1487;sea;0;0;
1425;1476;sea;0;0;
1425;1415;sea;0;0;
1425;1431;sea;0;0;
1425;1470;sea;0;0;
2217;2191;sea;0;0;
2217;2192;sea;0;0;
2217;2210;sea;0;0;
2217;2208;sea;0;0;
1213;1225;sea;0;0;
581;586;sea;0;0;
581;571;sea;0;0;
581;593;sea;0;0;
581;606;sea;0;0;
1188;1225;sea;0;0;
1188;1161;sea;0;0;
1188;1209;sea;0;0;
1188;1160;sea;0;0;
567;546;sea;0;0;
567;571;sea;0;0;
567;555;sea;0;0;
567;594;sea;0;0;
567;592;sea;0;0;
119;152;sea;0;0;
119;117;sea;0;0;
119;162;sea;0;0;
119;118;sea;0;0;
119;172;sea;0;0;
119;182;sea;0;0;
1227;1225;sea;0;0;
1227;1215;sea;0;0;
1324;1379;sea;0;0;
1324;1353;sea;0;0;
1375;1415;sea;0;0;
1375;1408;sea;0;0;
1375;1397;sea;0;0;
1375;1381;sea;0;0;
1195;1209;sea;0;0;
1195;1160;sea;0;0;
1195;1215;sea;0;0;
1195;1186;sea;0;0;
1195;1214;sea;0;0;
2201;2192;sea;0;0;
2201;2154;sea;0;0;
2201;2166;sea;0;0;
2201;2210;sea;0;0;
2201;2208;sea;0;0;
1340;1353;sea;0;0;
1340;1381;sea;0;0;
2182;1780;sea;0;0;
2182;1735;sea;0;0;
2182;1776;sea;0;0;
2182;1730;sea;0;0;
2182;1767;sea;0;0;
2182;1709;sea;0;0;
1424;1431;sea;0;0;
1424;1397;sea;0;0;
1424;1470;sea;0;0;
1424;1426;sea;0;0;
1424;1446;sea;0;0;
1424;1509;sea;0;0;
1424;1493;sea;0;0;
597;606;sea;0;0;
597;571;sea;0;0;
597;619;sea;0;0;
597;594;sea;0;0;
1152;1130;sea;0;0;
1152;1162;sea;0;0;
1152;1133;sea;0;0;
1376;1397;sea;0;0;
1376;1426;sea;0;0;
1376;1446;sea;0;0;
1376;1381;sea;0;0;
2193;2208;sea;0;0;
2193;2177;sea;0;0;
622;619;sea;0;0;
622;635;sea;0;0;
622;594;sea;0;0;
622;623;sea;0;0;
622;651;sea;0;0;
2186;2208;sea;0;0;
2186;2166;sea;0;0;
2186;2177;sea;0;0;
143;182;sea;0;0;
143;192;sea;0;0;
1232;1214;sea;0;0;
2200;1767;sea;0;0;
2200;1709;sea;0;0;
2200;1771;sea;0;0;
2200;1724;sea;0;0;
2200;1736;sea;0;0;
1402;1446;sea;0;0;
1402;1466;sea;0;0;
1402;1505;sea;0;0;
1155;1186;sea;0;0;
1155;1162;sea;0;0;
1155;1133;sea;0;0;
1155;1196;sea;0;0;
1155;1106;sea;0;0;
643;651;sea;0;0;
643;623;sea;0;0;
643;634;sea;0;0;
643;673;sea;0;0;
643;646;sea;0;0;
1489;1509;sea;0;0;
1489;1493;sea;0;0;
1489;1531;sea;0;0;
1489;1466;sea;0;0;
1489;1566;sea;0;0;
1489;1518;sea;0;0;
1218;1214;sea;0;0;
1218;1196;sea;0;0;
1218;1266;sea;0;0;
1218;1229;sea;0;0;
1218;1264;sea;0;0;
2095;2177;sea;0;0;
2095;2150;sea;0;0;
2095;2132;sea;0;0;
2095;2103;sea;0;0;
2095;2069;sea;0;0;
1083;1106;sea;0;0;
1083;1053;sea;0;0;
1083;1049;sea;0;0;
1267;1266;sea;0;0;
1267;1264;sea;0;0;
1267;1316;sea;0;0;
181;192;sea;0;0;
181;210;sea;0;0;
181;198;sea;0;0;
395;417;sea;0;0;
395;388;sea;0;0;
395;451;sea;0;0;
395;479;sea;0;0;
395;383;sea;0;0;
1830;1836;sea;0;0;
1830;1820;sea;0;0;
1830;1851;sea;0;0;
680;673;sea;0;0;
680;703;sea;0;0;
680;646;sea;0;0;
680;722;sea;0;0;
680;683;sea;0;0;
2207;1771;sea;0;0;
2207;1736;sea;0;0;
2207;1785;sea;0;0;
2207;1781;sea;0;0;
2207;1805;sea;0;0;
480;505;sea;0;0;
480;538;sea;0;0;
480;479;sea;0;0;
480;559;sea;0;0;
1245;1264;sea;0;0;
1759;1805;sea;0;0;
1759;1851;sea;0;0;
1759;1820;sea;0;0;
1759;1873;sea;0;0;
1759;1781;sea;0;0;
1759;1887;sea;0;0;
1759;1783;sea;0;0;
725;722;sea;0;0;
725;744;sea;0;0;
725;787;sea;0;0;
1494;1560;sea;0;0;
1494;1505;sea;0;0;
1494;1592;sea;0;0;
1494;1637;sea;0;0;
1494;1630;sea;0;0;
1494;1652;sea;0;0;
532;559;sea;0;0;
532;591;sea;0;0;
532;617;sea;0;0;
532;604;sea;0;0;
532;598;sea;0;0;
1319;1316;sea;0;0;
2006;1996;sea;0;0;
2006;2035;sea;0;0;
2006;2069;sea;0;0;
2006;1990;sea;0;0;
146;198;sea;0;0;
146;205;sea;0;0;
146;178;sea;0;0;
146;167;sea;0;0;
146;199;sea;0;0;
321;330;sea;0;0;
321;383;sea;0;0;
321;356;sea;0;0;
321;279;sea;0;0;
663;646;sea;0;0;
663;683;sea;0;0;
663;647;sea;0;0;
663;648;sea;0;0;
663;665;sea;0;0;
767;787;sea;0;0;
767;811;sea;0;0;
767;821;sea;0;0;
767;753;sea;0;0;
767;766;sea;0;0;
767;802;sea;0;0;
1905;1915;sea;0;0;
1905;1887;sea;0;0;
1905;1934;sea;0;0;
1905;1957;sea;0;0;
246;239;sea;0;0;
246;227;sea;0;0;
246;279;sea;0;0;
246;234;sea;0;0;
1640;1696;sea;0;0;
1640;1737;sea;0;0;
1640;1637;sea;0;0;
1640;1760;sea;0;0;
1640;1630;sea;0;0;
1640;1652;sea;0;0;
1640;1783;sea;0;0;
1066;1049;sea;0;0;
1066;1030;sea;0;0;
1066;1004;sea;0;0;
1066;1062;sea;0;0;
1066;1113;sea;0;0;
1066;1081;sea;0;0;
1945;1970;sea;0;0;
1945;1990;sea;0;0;
1945;1957;sea;0;0;
1875;1887;sea;0;0;
1116;617;sea;0;0;
1116;604;sea;0;0;
1116;621;sea;0;0;
1116;648;sea;0;0;
1116;636;sea;0;0;
1116;665;sea;0;0;
1788;1783;sea;0;0;
684;665;sea;0;0;
684;696;sea;0;0;
684;678;sea;0;0;
684;741;sea;0;0;
684;712;sea;0;0;
709;753;sea;0;0;
709;665;sea;0;0;
827;821;sea;0;0;
827;856;sea;0;0;
827;849;sea;0;0;
827;802;sea;0;0;
827;853;sea;0;0;
859;856;sea;0;0;
859;849;sea;0;0;
859;862;sea;0;0;
140;167;sea;0;0;
140;199;sea;0;0;
140;211;sea;0;0;
140;190;sea;0;0;
140;218;sea;0;0;
140;215;sea;0;0;
754;753;sea;0;0;
754;766;sea;0;0;
754;741;sea;0;0;
754;803;sea;0;0;
754;768;sea;0;0;
754;829;sea;0;0;
754;809;sea;0;0;
1153;1219;sea;0;0;
1153;1113;sea;0;0;
1153;1222;sea;0;0;
253;234;sea;0;0;
253;211;sea;0;0;
539;598;sea;0;0;
539;610;sea;0;0;
904;849;sea;0;0;
904;862;sea;0;0;
904;853;sea;0;0;
904;911;sea;0;0;
904;963;sea;0;0;
904;948;sea;0;0;
904;983;sea;0;0;
1125;1113;sea;0;0;
233;211;sea;0;0;
233;237;sea;0;0;
233;218;sea;0;0;
1001;963;sea;0;0;
1001;1007;sea;0;0;
1001;1039;sea;0;0;
1001;983;sea;0;0;
1001;1081;sea;0;0;
1001;1023;sea;0;0;
1073;1081;sea;0;0;
1073;1113;sea;0;0;
1073;1023;sea;0;0;
1073;1051;sea;0;0;
1073;1069;sea;0;0;
587;610;sea;0;0;
587;640;sea;0;0;
587;666;sea;0;0;
1210;1269;sea;0;0;
1210;1207;sea;0;0;
1258;1303;sea;0;0;
251;237;sea;0;0;
251;215;sea;0;0;
251;232;sea;0;0;
144;190;sea;0;0;
144;201;sea;0;0;
144;202;sea;0;0;
626;666;sea;0;0;
626;700;sea;0;0;
626;723;sea;0;0;
830;809;sea;0;0;
830;798;sea;0;0;
830;852;sea;0;0;
830;879;sea;0;0;
830;870;sea;0;0;
701;723;sea;0;0;
701;755;sea;0;0;
701;778;sea;0;0;
1121;1099;sea;0;0;
1121;1126;sea;0;0;
1121;1207;sea;0;0;
1121;1204;sea;0;0;
1121;1170;sea;0;0;
500;1024;sea;0;0;
500;1069;sea;0;0;
500;1020;sea;0;0;
500;1099;sea;0;0;
500;1080;sea;0;0;
206;215;sea;0;0;
206;190;sea;0;0;
206;201;sea;0;0;
206;232;sea;0;0;
206;238;sea;0;0;
206;202;sea;0;0;
206;203;sea;0;0;
799;798;sea;0;0;
799;870;sea;0;0;
799;778;sea;0;0;
799;818;sea;0;0;
799;890;sea;0;0;
799;845;sea;0;0;
799;896;sea;0;0;
1173;1207;sea;0;0;
1173;1204;sea;0;0;
1173;1202;sea;0;0;
1173;1230;sea;0;0;
1173;1170;sea;0;0;
1173;1206;sea;0;0;
254;232;sea;0;0;
254;238;sea;0;0;
254;252;sea;0;0;
254;271;sea;0;0;
1087;1126;sea;0;0;
1087;1099;sea;0;0;
1087;1170;sea;0;0;
1087;1080;sea;0;0;
1087;1159;sea;0;0;
846;890;sea;0;0;
846;929;sea;0;0;
846;970;sea;0;0;
846;997;sea;0;0;
846;896;sea;0;0;
846;916;sea;0;0;
846;941;sea;0;0;
846;845;sea;0;0;
846;964;sea;0;0;
974;1020;sea;0;0;
974;997;sea;0;0;
974;1080;sea;0;0;
974;996;sea;0;0;
974;964;sea;0;0;
225;238;sea;0;0;
225;252;sea;0;0;
225;203;sea;0;0;
225;219;sea;0;0;
225;247;sea;0;0;
225;271;sea;0;0;
225;228;sea;0;0;
756;845;sea;0;0;
164;203;sea;0;0;
164;219;sea;0;0;
164;228;sea;0;0;
164;247;sea;0;0;
164;273;sea;0;0;
284;271;sea;0;0;
284;323;sea;0;0;
284;280;sea;0;0;
284;304;sea;0;0;
284;343;sea;0;0;
284;301;sea;0;0;
284;337;sea;0;0;
322;323;sea;0;0;
322;271;sea;0;0;
322;389;sea;0;0;
322;369;sea;0;0;
322;343;sea;0;0;
322;401;sea;0;0;
322;412;sea;0;0;
322;391;sea;0;0;
363;389;sea;0;0;
363;401;sea;0;0;
424;401;sea;0;0;
424;412;sea;0;0;
424;418;sea;0;0;
424;455;sea;0;0;
236;273;sea;0;0;
236;301;sea;0;0;
236;337;sea;0;0;
403;391;sea;0;0;
403;418;sea;0;0;
403;373;sea;0;0;
403;436;sea;0;0;
403;447;sea;0;0;
339;337;sea;0;0;
339;373;sea;0;0;
473;455;sea;0;0;
473;447;sea;0;0;
433;447;sea;0;0;
